trip_id,arrival_time,departure_time,stop_id,stop_sequence,pickup_type,drop_off_type
811,03:31:00,03:31:00,446,1,0,0
811,03:37:00,03:38:00,227,2,0,0
811,03:45:00,03:46:00,333,3,0,0
811,03:56:00,03:56:00,317,4,0,0
811,04:05:00,04:06:00,311,5,0,0
811,04:17:00,04:17:00,236,6,0,0
811,04:23:00,04:23:00,423,7,0,0
811,04:33:00,04:36:00,372,8,0,0
811,04:46:00,04:46:00,379,9,0,0
811,04:57:00,04:57:00,441,10,0,0
811,05:07:00,05:08:00,434,11,0,0
811,05:16:00,05:17:00,418,12,0,0
811,05:29:00,05:29:00,208,13,0,0
811,05:38:00,05:38:00,326,14,0,0
811,05:48:00,05:49:00,279,15,0,0
811,06:01:00,06:02:00,273,16,0,0
811,06:16:00,06:17:00,357,17,0,0
811,06:32:00,06:33:00,267,18,0,0
811,06:43:00,06:44:00,203,19,0,0
811,06:53:00,06:54:00,412,20,0,0
811,07:09:00,07:10:00,298,21,0,0
811,07:22:00,07:23:00,339,22,0,0
811,07:35:00,07:36:00,380,23,0,0
811,07:44:00,07:45:00,421,24,0,0
811,07:49:00,07:50:00,331,25,0,0
811,07:59:00,07:59:00,1,26,0,0
821,03:48:00,03:48:00,243,1,0,0
821,04:01:00,04:02:00,304,2,0,0
821,04:07:00,04:07:00,430,3,0,0
821,04:18:00,04:18:00,335,4,0,0
821,04:30:00,04:30:00,360,5,0,0
821,04:41:00,04:42:00,308,6,0,0
821,05:03:00,05:04:00,273,7,0,0
821,05:18:00,05:19:00,357,8,0,0
821,05:29:00,05:29:00,204,9,0,0
821,05:37:00,05:38:00,267,10,0,0
821,05:48:00,05:49:00,203,11,0,0
821,05:58:00,05:59:00,412,12,0,0
821,06:14:00,06:15:00,298,13,0,0
821,06:27:00,06:28:00,339,14,0,0
821,06:49:00,06:50:00,331,15,0,0
821,06:59:00,06:59:00,1,16,0,0
6702,04:39:00,04:39:00,349,1,0,0
6702,04:42:00,04:43:00,237,2,0,0
6702,04:47:00,04:47:00,342,3,0,0
6702,04:50:00,04:50:00,232,4,0,0
6702,04:54:00,04:55:00,239,5,0,0
6702,04:59:00,05:00:00,340,6,0,0
6702,05:04:00,05:04:00,346,7,0,0
6702,05:08:00,05:09:00,520,8,0,0
6702,05:12:00,05:12:00,388,9,0,0
6702,05:15:00,05:15:00,387,10,0,0
6702,05:17:00,05:18:00,500,11,0,0
6702,05:20:00,05:21:00,386,12,0,0
6702,05:25:00,05:25:00,1,13,0,0
6502,04:39:00,04:39:00,397,1,0,0
6502,04:43:00,04:44:00,396,2,0,0
6502,04:47:00,04:48:00,328,3,0,0
6502,04:53:00,04:53:00,395,4,0,0
6502,05:00:00,05:00:00,286,5,0,0
6502,05:03:00,05:04:00,275,6,0,0
6502,05:08:00,05:09:00,394,7,0,0
6502,05:13:00,05:13:00,393,8,0,0
6502,05:15:00,05:15:00,207,9,0,0
6502,05:17:00,05:17:00,322,10,0,0
6502,05:19:00,05:19:00,359,11,0,0
6502,05:21:00,05:21:00,336,12,0,0
6502,05:23:00,05:24:00,252,13,0,0
6502,05:26:00,05:27:00,316,14,0,0
6502,05:29:00,05:29:00,255,15,0,0
6502,05:31:00,05:32:00,229,16,0,0
6502,05:34:00,05:34:00,296,17,0,0
6502,05:36:00,05:37:00,358,18,0,0
6502,05:40:00,05:41:00,213,19,0,0
6502,05:43:00,05:44:00,305,20,0,0
6502,05:46:00,05:46:00,392,21,0,0
6502,05:48:00,05:48:00,248,22,0,0
6502,05:50:00,05:51:00,391,23,0,0
6502,05:55:00,05:55:00,386,24,0,0
6502,05:59:00,05:59:00,1,25,0,0
6101,04:47:00,04:47:00,399,1,0,0
6101,04:50:00,04:50:00,453,2,0,0
6101,04:52:00,04:53:00,287,3,0,0
6101,04:55:00,04:56:00,398,4,0,0
6101,04:59:00,04:59:00,352,5,0,0
6101,05:01:00,05:02:00,310,6,0,0
6101,05:07:00,05:07:00,306,7,0,0
6101,05:11:00,05:12:00,282,8,0,0
6101,05:14:00,05:15:00,230,9,0,0
6101,05:17:00,05:18:00,281,10,0,0
6101,05:20:00,05:21:00,276,11,0,0
6101,05:24:00,05:24:00,258,12,0,0
6101,05:27:00,05:27:00,451,13,0,0
6101,05:29:00,05:30:00,449,14,0,0
6101,05:32:00,05:33:00,452,15,0,0
6101,05:36:00,05:37:00,385,16,0,0
6101,05:39:00,05:39:00,501,17,0,0
6101,05:41:00,05:41:00,382,18,0,0
6101,05:43:00,05:44:00,225,19,0,0
6101,05:46:00,05:47:00,400,20,0,0
6101,05:53:00,05:53:00,1,21,0,0
6201,04:54:00,04:54:00,298,1,0,0
6201,04:58:00,04:59:00,283,2,0,0
6201,05:03:00,05:03:00,235,3,0,0
6201,05:06:00,05:07:00,354,4,0,0
6201,05:09:00,05:10:00,339,5,0,0
6201,05:11:00,05:12:00,343,6,0,0
6201,05:16:00,05:16:00,299,7,0,0
6201,05:20:00,05:20:00,384,8,0,0
6201,05:24:00,05:25:00,380,9,0,0
6201,05:27:00,05:27:00,250,10,0,0
6201,05:30:00,05:30:00,241,11,0,0
6201,05:32:00,05:32:00,377,12,0,0
6201,05:34:00,05:34:00,274,13,0,0
6201,05:36:00,05:37:00,421,14,0,0
6201,05:38:00,05:39:00,245,15,0,0
6201,05:40:00,05:41:00,331,16,0,0
6201,05:45:00,05:46:00,450,17,0,0
6201,05:51:00,05:51:00,1,18,0,0
724,04:57:00,04:57:00,300,1,0,0
724,05:56:00,05:57:00,413,2,0,0
724,06:20:00,06:21:00,381,3,0,0
724,06:46:00,06:47:00,222,4,0,0
724,07:06:00,07:07:00,249,5,0,0
724,07:31:00,07:33:00,349,6,0,0
724,07:49:00,07:50:00,340,7,0,0
724,08:04:00,08:05:00,386,8,0,0
724,08:10:00,08:10:00,1,9,0,0
865,05:01:00,05:01:00,432,1,0,0
865,05:15:00,05:16:00,309,2,0,0
865,05:23:00,05:23:00,323,3,0,0
865,05:30:00,05:31:00,233,4,0,0
865,05:39:00,05:40:00,206,5,0,0
865,05:46:00,05:46:00,324,6,0,0
865,05:51:00,05:52:00,297,7,0,0
865,06:01:00,06:01:00,301,8,0,0
865,06:10:00,06:11:00,408,9,0,0
865,06:18:00,06:19:00,256,10,0,0
865,06:23:00,06:23:00,307,11,0,0
865,06:29:00,06:29:00,433,12,0,0
865,06:35:00,06:35:00,271,13,0,0
865,06:42:00,06:42:00,374,14,0,0
865,06:52:00,06:52:00,362,15,0,0
865,06:55:00,06:56:00,540,16,0,0
865,06:59:00,06:59:00,238,17,0,0
865,07:05:00,07:06:00,400,18,0,0
865,07:16:00,07:16:00,1,19,0,0
6203,05:03:00,05:03:00,203,1,0,0
6203,05:07:00,05:07:00,330,2,0,0
6203,05:11:00,05:12:00,412,3,0,0
6203,05:18:00,05:18:00,364,4,0,0
6203,05:22:00,05:23:00,367,5,0,0
6203,05:27:00,05:28:00,298,6,0,0
6203,05:32:00,05:32:00,283,7,0,0
6203,05:36:00,05:37:00,235,8,0,0
6203,05:40:00,05:41:00,354,9,0,0
6203,05:42:00,05:43:00,339,10,0,0
6203,05:45:00,05:45:00,343,11,0,0
6203,05:49:00,05:50:00,299,12,0,0
6203,05:53:00,05:54:00,384,13,0,0
6203,05:58:00,05:59:00,380,14,0,0
6203,06:00:00,06:01:00,250,15,0,0
6203,06:06:00,06:07:00,421,16,0,0
6203,06:08:00,06:09:00,245,17,0,0
6203,06:10:00,06:11:00,331,18,0,0
6203,06:15:00,06:16:00,450,19,0,0
6203,06:21:00,06:21:00,1,20,0,0
815,05:03:00,05:03:00,315,1,0,0
815,05:16:00,05:16:00,319,2,0,0
815,05:23:00,05:24:00,260,3,0,0
815,05:30:00,05:31:00,341,4,0,0
815,05:48:00,05:49:00,357,5,0,0
815,06:04:00,06:05:00,267,6,0,0
815,06:15:00,06:16:00,203,7,0,0
815,06:39:00,06:40:00,298,8,0,0
815,06:52:00,06:53:00,339,9,0,0
815,07:05:00,07:06:00,380,10,0,0
815,07:14:00,07:15:00,421,11,0,0
815,07:19:00,07:20:00,331,12,0,0
815,07:29:00,07:29:00,1,13,0,0
6871,05:04:00,05:04:00,1,1,0,0
6871,05:09:00,05:10:00,386,2,0,0
6871,05:14:00,05:15:00,387,3,0,0
6871,05:28:00,05:29:00,340,4,0,0
6871,05:40:00,05:41:00,342,5,0,0
6871,05:45:00,05:46:00,237,6,0,0
6871,05:51:00,05:51:00,349,7,0,0
6202,05:09:00,05:09:00,1,1,0,0
6202,05:14:00,05:14:00,450,2,0,0
6202,05:18:00,05:19:00,331,3,0,0
6202,05:20:00,05:21:00,245,4,0,0
6202,05:22:00,05:23:00,421,5,0,0
6202,05:28:00,05:29:00,250,6,0,0
6202,05:30:00,05:31:00,380,7,0,0
6202,05:35:00,05:36:00,384,8,0,0
6202,05:39:00,05:40:00,299,9,0,0
6202,05:44:00,05:44:00,343,10,0,0
6202,05:46:00,05:47:00,339,11,0,0
6202,05:48:00,05:49:00,354,12,0,0
6202,05:52:00,05:52:00,235,13,0,0
6202,05:56:00,05:57:00,283,14,0,0
6202,06:01:00,06:02:00,298,15,0,0
6202,06:06:00,06:06:00,367,16,0,0
6202,06:10:00,06:11:00,364,17,0,0
6202,06:17:00,06:17:00,412,18,0,0
6202,06:22:00,06:22:00,330,19,0,0
6202,06:27:00,06:27:00,203,20,0,0
6501,05:15:00,05:15:00,1,1,0,0
6501,05:18:00,05:19:00,386,2,0,0
6501,05:23:00,05:24:00,391,3,0,0
6501,05:26:00,05:27:00,392,4,0,0
6501,05:28:00,05:29:00,305,5,0,0
6501,05:31:00,05:32:00,213,6,0,0
6501,05:35:00,05:36:00,358,7,0,0
6501,05:37:00,05:38:00,296,8,0,0
6501,05:40:00,05:40:00,229,9,0,0
6501,05:42:00,05:43:00,255,10,0,0
6501,05:44:00,05:45:00,316,11,0,0
6501,05:47:00,05:48:00,252,12,0,0
6501,05:50:00,05:51:00,336,13,0,0
6501,05:52:00,05:53:00,359,14,0,0
6501,05:55:00,05:55:00,322,15,0,0
6501,05:57:00,05:57:00,207,16,0,0
6501,05:59:00,05:59:00,393,17,0,0
6501,06:03:00,06:04:00,394,18,0,0
6501,06:08:00,06:09:00,275,19,0,0
6501,06:12:00,06:13:00,286,20,0,0
6501,06:19:00,06:20:00,395,21,0,0
6501,06:25:00,06:25:00,328,22,0,0
6501,06:29:00,06:30:00,396,23,0,0
6501,06:34:00,06:34:00,397,24,0,0
875,05:15:00,05:15:00,460,1,0,0
875,05:21:00,05:22:00,312,2,0,0
875,05:38:00,05:39:00,419,3,0,0
875,05:54:00,05:55:00,432,4,0,0
875,06:07:00,06:08:00,309,5,0,0
875,06:19:00,06:20:00,233,6,0,0
875,06:42:00,06:42:00,301,7,0,0
875,06:51:00,06:52:00,408,8,0,0
875,07:01:00,07:02:00,307,9,0,0
875,07:15:00,07:15:00,374,10,0,0
875,07:25:00,07:25:00,362,11,0,0
875,07:35:00,07:36:00,400,12,0,0
875,07:46:00,07:46:00,1,13,0,0
707,05:25:00,05:25:00,313,1,0,0
707,05:44:00,05:45:00,269,2,0,0
707,06:15:00,06:19:00,243,3,0,0
707,06:59:00,07:00:00,308,4,0,0
707,07:21:00,07:22:00,273,5,0,0
707,07:36:00,07:37:00,357,6,0,0
707,07:59:00,08:00:00,203,7,0,0
707,08:31:00,08:32:00,339,8,0,0
707,08:59:00,08:59:00,1,9,0,0
6506,05:29:00,05:29:00,397,1,0,0
6506,05:33:00,05:34:00,396,2,0,0
6506,05:37:00,05:38:00,328,3,0,0
6506,05:43:00,05:43:00,395,4,0,0
6506,05:50:00,05:50:00,286,5,0,0
6506,05:53:00,05:54:00,275,6,0,0
6506,05:58:00,05:59:00,394,7,0,0
6506,06:03:00,06:03:00,393,8,0,0
6506,06:05:00,06:05:00,207,9,0,0
6506,06:07:00,06:07:00,322,10,0,0
6506,06:09:00,06:09:00,359,11,0,0
6506,06:11:00,06:11:00,336,12,0,0
6506,06:13:00,06:14:00,252,13,0,0
6506,06:16:00,06:17:00,316,14,0,0
6506,06:19:00,06:19:00,255,15,0,0
6506,06:21:00,06:22:00,229,16,0,0
6506,06:24:00,06:24:00,296,17,0,0
6506,06:26:00,06:27:00,358,18,0,0
6506,06:30:00,06:31:00,213,19,0,0
6506,06:33:00,06:34:00,305,20,0,0
6506,06:36:00,06:36:00,392,21,0,0
6506,06:38:00,06:38:00,248,22,0,0
6506,06:40:00,06:41:00,391,23,0,0
6506,06:45:00,06:45:00,386,24,0,0
6506,06:49:00,06:49:00,1,25,0,0
6401,05:30:00,05:30:00,1,1,0,0
6401,05:33:00,05:34:00,386,2,0,0
6401,05:38:00,05:39:00,391,3,0,0
6401,05:40:00,05:41:00,248,4,0,0
6401,05:42:00,05:43:00,392,5,0,0
6401,05:44:00,05:45:00,305,6,0,0
6401,05:48:00,05:48:00,213,7,0,0
6401,05:52:00,05:52:00,358,8,0,0
6401,05:54:00,05:55:00,296,9,0,0
6401,05:56:00,05:57:00,229,10,0,0
6401,05:59:00,06:00:00,255,11,0,0
6401,06:01:00,06:02:00,316,12,0,0
6401,06:04:00,06:05:00,252,13,0,0
6401,06:07:00,06:08:00,336,14,0,0
6401,06:09:00,06:10:00,359,15,0,0
6401,06:12:00,06:12:00,322,16,0,0
6401,06:14:00,06:14:00,207,17,0,0
6401,06:16:00,06:16:00,393,18,0,0
6401,06:20:00,06:20:00,394,19,0,0
6504,05:32:00,05:32:00,286,1,0,0
6504,05:38:00,05:39:00,394,2,0,0
6504,05:43:00,05:43:00,393,3,0,0
6504,05:45:00,05:45:00,207,4,0,0
6504,05:47:00,05:47:00,322,5,0,0
6504,05:49:00,05:49:00,359,6,0,0
6504,05:51:00,05:51:00,336,7,0,0
6504,05:53:00,05:54:00,252,8,0,0
6504,05:56:00,05:57:00,316,9,0,0
6504,05:59:00,05:59:00,255,10,0,0
6504,06:01:00,06:02:00,229,11,0,0
6504,06:04:00,06:04:00,296,12,0,0
6504,06:06:00,06:07:00,358,13,0,0
6504,06:10:00,06:11:00,213,14,0,0
6504,06:13:00,06:14:00,305,15,0,0
6504,06:16:00,06:16:00,392,16,0,0
6504,06:18:00,06:18:00,248,17,0,0
6504,06:20:00,06:21:00,391,18,0,0
6504,06:25:00,06:25:00,386,19,0,0
6504,06:29:00,06:29:00,1,20,0,0
6701,05:35:00,05:35:00,1,1,0,0
6701,05:39:00,05:39:00,386,2,0,0
6701,05:41:00,05:42:00,500,3,0,0
6701,05:44:00,05:44:00,387,4,0,0
6701,05:47:00,05:47:00,388,5,0,0
6701,05:50:00,05:51:00,520,6,0,0
6701,05:55:00,05:55:00,346,7,0,0
6701,05:59:00,06:01:00,340,8,0,0
6701,06:06:00,06:07:00,239,9,0,0
6701,06:10:00,06:11:00,232,10,0,0
6701,06:13:00,06:14:00,342,11,0,0
6701,06:17:00,06:18:00,237,12,0,0
6701,06:22:00,06:22:00,349,13,0,0
6102,05:38:00,05:38:00,1,1,0,0
6102,05:44:00,05:45:00,400,2,0,0
6102,05:47:00,05:47:00,225,3,0,0
6102,05:49:00,05:50:00,382,4,0,0
6102,05:51:00,05:52:00,501,5,0,0
6102,05:54:00,05:54:00,385,6,0,0
6102,05:57:00,05:58:00,452,7,0,0
6102,06:01:00,06:01:00,449,8,0,0
6102,06:03:00,06:04:00,451,9,0,0
6102,06:06:00,06:07:00,258,10,0,0
6102,06:10:00,06:10:00,276,11,0,0
6102,06:13:00,06:13:00,281,12,0,0
6102,06:16:00,06:17:00,230,13,0,0
6102,06:19:00,06:19:00,282,14,0,0
6102,06:23:00,06:24:00,306,15,0,0
6102,06:29:00,06:30:00,310,16,0,0
6102,06:32:00,06:32:00,352,17,0,0
6102,06:36:00,06:37:00,398,18,0,0
6102,06:39:00,06:39:00,287,19,0,0
6102,06:41:00,06:42:00,453,20,0,0
6102,06:45:00,06:45:00,399,21,0,0
6704,05:39:00,05:39:00,349,1,0,0
6704,05:42:00,05:43:00,237,2,0,0
6704,05:47:00,05:47:00,342,3,0,0
6704,05:50:00,05:50:00,232,4,0,0
6704,05:54:00,05:55:00,239,5,0,0
6704,05:59:00,06:01:00,340,6,0,0
6704,06:04:00,06:05:00,346,7,0,0
6704,06:09:00,06:09:00,520,8,0,0
6704,06:12:00,06:13:00,388,9,0,0
6704,06:15:00,06:16:00,387,10,0,0
6704,06:17:00,06:18:00,500,11,0,0
6704,06:20:00,06:21:00,386,12,0,0
6704,06:25:00,06:25:00,1,13,0,0
6204,05:39:00,05:39:00,1,1,0,0
6204,05:44:00,05:44:00,450,2,0,0
6204,05:48:00,05:49:00,331,3,0,0
6204,05:50:00,05:51:00,245,4,0,0
6204,05:52:00,05:53:00,421,5,0,0
6204,05:54:00,05:55:00,274,6,0,0
6204,05:56:00,05:57:00,377,7,0,0
6204,05:58:00,05:59:00,241,8,0,0
6204,06:02:00,06:02:00,250,9,0,0
6204,06:04:00,06:05:00,380,10,0,0
6204,06:09:00,06:09:00,384,11,0,0
6204,06:13:00,06:13:00,299,12,0,0
6204,06:17:00,06:18:00,343,13,0,0
6204,06:20:00,06:20:00,339,14,0,0
6508,05:50:00,05:50:00,397,1,0,0
6508,05:54:00,05:55:00,396,2,0,0
6508,05:58:00,05:59:00,328,3,0,0
6508,06:04:00,06:04:00,395,4,0,0
6508,06:11:00,06:14:00,286,5,0,0
6508,06:17:00,06:17:00,275,6,0,0
6508,06:22:00,06:23:00,394,7,0,0
6508,06:26:00,06:27:00,393,8,0,0
6508,06:28:00,06:29:00,207,9,0,0
6508,06:30:00,06:31:00,322,10,0,0
6508,06:32:00,06:33:00,359,11,0,0
6508,06:34:00,06:35:00,336,12,0,0
6508,06:37:00,06:38:00,252,13,0,0
6508,06:40:00,06:41:00,316,14,0,0
6508,06:42:00,06:43:00,255,15,0,0
6508,06:45:00,06:46:00,229,16,0,0
6508,06:47:00,06:48:00,296,17,0,0
6508,06:49:00,06:50:00,358,18,0,0
6508,06:54:00,06:54:00,213,19,0,0
6508,06:57:00,06:57:00,305,20,0,0
6508,06:59:00,06:59:00,392,21,0,0
6508,07:01:00,07:01:00,248,22,0,0
6508,07:03:00,07:04:00,391,23,0,0
6508,07:08:00,07:10:00,386,24,0,0
6508,07:14:00,07:14:00,1,25,0,0
6205,05:54:00,05:54:00,298,1,0,0
6205,05:58:00,05:59:00,283,2,0,0
6205,06:03:00,06:03:00,235,3,0,0
6205,06:06:00,06:07:00,354,4,0,0
6205,06:09:00,06:10:00,339,5,0,0
6205,06:11:00,06:12:00,343,6,0,0
6205,06:16:00,06:16:00,299,7,0,0
6205,06:20:00,06:20:00,384,8,0,0
6205,06:24:00,06:25:00,380,9,0,0
6205,06:27:00,06:27:00,250,10,0,0
6205,06:30:00,06:30:00,241,11,0,0
6205,06:32:00,06:32:00,377,12,0,0
6205,06:34:00,06:34:00,274,13,0,0
6205,06:36:00,06:37:00,421,14,0,0
6205,06:38:00,06:39:00,245,15,0,0
6205,06:40:00,06:41:00,331,16,0,0
6205,06:45:00,06:46:00,450,17,0,0
6205,06:51:00,06:51:00,1,18,0,0
6103,05:57:00,05:57:00,398,1,0,0
6103,06:00:00,06:00:00,352,2,0,0
6103,06:07:00,06:07:00,306,3,0,0
6103,06:11:00,06:12:00,282,4,0,0
6103,06:14:00,06:15:00,230,5,0,0
6103,06:17:00,06:18:00,281,6,0,0
6103,06:20:00,06:21:00,276,7,0,0
6103,06:24:00,06:24:00,258,8,0,0
6103,06:27:00,06:27:00,451,9,0,0
6103,06:29:00,06:30:00,449,10,0,0
6103,06:32:00,06:33:00,452,11,0,0
6103,06:36:00,06:37:00,385,12,0,0
6103,06:39:00,06:39:00,501,13,0,0
6103,06:41:00,06:41:00,382,14,0,0
6103,06:43:00,06:44:00,225,15,0,0
6103,06:46:00,06:47:00,400,16,0,0
6103,06:53:00,06:53:00,1,17,0,0
6403,06:00:00,06:00:00,1,1,0,0
6403,06:03:00,06:04:00,386,2,0,0
6403,06:08:00,06:09:00,391,3,0,0
6403,06:10:00,06:11:00,248,4,0,0
6403,06:12:00,06:13:00,392,5,0,0
6403,06:14:00,06:15:00,305,6,0,0
6403,06:18:00,06:18:00,213,7,0,0
6403,06:22:00,06:22:00,358,8,0,0
6403,06:24:00,06:25:00,296,9,0,0
6403,06:26:00,06:27:00,229,10,0,0
6403,06:29:00,06:30:00,255,11,0,0
6403,06:31:00,06:32:00,316,12,0,0
6403,06:34:00,06:35:00,252,13,0,0
6403,06:37:00,06:38:00,336,14,0,0
6403,06:39:00,06:40:00,359,15,0,0
6403,06:42:00,06:42:00,322,16,0,0
6403,06:44:00,06:44:00,207,17,0,0
6403,06:46:00,06:46:00,393,18,0,0
6403,06:50:00,06:50:00,394,19,0,0
6207,06:02:00,06:02:00,203,1,0,0
6207,06:06:00,06:06:00,330,2,0,0
6207,06:10:00,06:11:00,412,3,0,0
6207,06:17:00,06:17:00,364,4,0,0
6207,06:21:00,06:22:00,367,5,0,0
6207,06:26:00,06:27:00,298,6,0,0
6207,06:31:00,06:31:00,283,7,0,0
6207,06:35:00,06:36:00,235,8,0,0
6207,06:39:00,06:40:00,354,9,0,0
6207,06:41:00,06:42:00,339,10,0,0
6207,06:44:00,06:44:00,343,11,0,0
6207,06:48:00,06:49:00,299,12,0,0
6207,06:52:00,06:53:00,384,13,0,0
6207,06:57:00,06:58:00,380,14,0,0
6207,06:59:00,07:00:00,250,15,0,0
6207,07:04:00,07:04:00,274,16,0,0
6207,07:06:00,07:07:00,421,17,0,0
6207,07:08:00,07:09:00,245,18,0,0
6207,07:10:00,07:11:00,331,19,0,0
6207,07:15:00,07:16:00,450,20,0,0
6207,07:21:00,07:21:00,1,21,0,0
6873,06:04:00,06:04:00,1,1,0,0
6873,06:09:00,06:10:00,386,2,0,0
6873,06:14:00,06:15:00,387,3,0,0
6873,06:18:00,06:19:00,388,4,0,0
6873,06:29:00,06:31:00,340,5,0,0
6873,06:42:00,06:43:00,342,6,0,0
6873,06:47:00,06:48:00,237,7,0,0
6873,06:53:00,06:53:00,349,8,0,0
6872,06:05:00,06:05:00,349,1,0,0
6872,06:09:00,06:10:00,237,2,0,0
6872,06:15:00,06:16:00,342,3,0,0
6872,06:28:00,06:30:00,340,4,0,0
6872,06:43:00,06:44:00,387,5,0,0
6872,06:48:00,06:49:00,386,6,0,0
6872,06:54:00,06:54:00,1,7,0,0
6104,06:08:00,06:08:00,1,1,0,0
6104,06:14:00,06:15:00,400,2,0,0
6104,06:17:00,06:17:00,225,3,0,0
6104,06:19:00,06:20:00,382,4,0,0
6104,06:21:00,06:22:00,501,5,0,0
6104,06:24:00,06:24:00,385,6,0,0
6104,06:27:00,06:28:00,452,7,0,0
6104,06:31:00,06:31:00,449,8,0,0
6104,06:33:00,06:34:00,451,9,0,0
6104,06:36:00,06:37:00,258,10,0,0
6104,06:40:00,06:40:00,276,11,0,0
6104,06:43:00,06:43:00,281,12,0,0
6104,06:46:00,06:47:00,230,13,0,0
6104,06:49:00,06:49:00,282,14,0,0
6104,06:53:00,06:54:00,306,15,0,0
6104,07:00:00,07:01:00,352,16,0,0
6104,07:04:00,07:04:00,398,17,0,0
6206,06:09:00,06:09:00,1,1,0,0
6206,06:14:00,06:14:00,450,2,0,0
6206,06:18:00,06:19:00,331,3,0,0
6206,06:20:00,06:21:00,245,4,0,0
6206,06:22:00,06:23:00,421,5,0,0
6206,06:24:00,06:25:00,274,6,0,0
6206,06:29:00,06:30:00,250,7,0,0
6206,06:31:00,06:32:00,380,8,0,0
6206,06:36:00,06:37:00,384,9,0,0
6206,06:40:00,06:41:00,299,10,0,0
6206,06:45:00,06:45:00,343,11,0,0
6206,06:47:00,06:48:00,339,12,0,0
6206,06:49:00,06:50:00,354,13,0,0
6206,06:53:00,06:53:00,235,14,0,0
6206,06:57:00,06:58:00,283,15,0,0
6206,07:02:00,07:03:00,298,16,0,0
6206,07:07:00,07:07:00,367,17,0,0
6206,07:11:00,07:12:00,364,18,0,0
6206,07:18:00,07:18:00,412,19,0,0
6206,07:23:00,07:23:00,330,20,0,0
6206,07:28:00,07:28:00,203,21,0,0
6105,06:17:00,06:17:00,399,1,0,0
6105,06:20:00,06:20:00,453,2,0,0
6105,06:22:00,06:23:00,287,3,0,0
6105,06:25:00,06:26:00,398,4,0,0
6105,06:29:00,06:29:00,352,5,0,0
6105,06:31:00,06:32:00,310,6,0,0
6105,06:37:00,06:37:00,306,7,0,0
6105,06:41:00,06:42:00,282,8,0,0
6105,06:44:00,06:45:00,230,9,0,0
6105,06:47:00,06:48:00,281,10,0,0
6105,06:50:00,06:51:00,276,11,0,0
6105,06:54:00,06:54:00,258,12,0,0
6105,06:57:00,06:57:00,451,13,0,0
6105,06:59:00,07:00:00,449,14,0,0
6105,07:02:00,07:03:00,452,15,0,0
6105,07:06:00,07:07:00,385,16,0,0
6105,07:09:00,07:09:00,501,17,0,0
6105,07:11:00,07:11:00,382,18,0,0
6105,07:13:00,07:14:00,225,19,0,0
6105,07:16:00,07:17:00,400,20,0,0
6105,07:23:00,07:23:00,1,21,0,0
863,06:24:00,06:24:00,432,1,0,0
863,06:38:00,06:39:00,309,2,0,0
863,06:50:00,06:51:00,233,3,0,0
863,07:18:00,07:19:00,408,4,0,0
863,07:56:00,07:58:00,400,5,0,0
863,08:08:00,08:08:00,1,6,0,0
6208,06:24:00,06:24:00,1,1,0,0
6208,06:29:00,06:29:00,450,2,0,0
6208,06:33:00,06:34:00,331,3,0,0
6208,06:35:00,06:36:00,245,4,0,0
6208,06:37:00,06:38:00,421,5,0,0
6208,06:40:00,06:40:00,274,6,0,0
6208,06:42:00,06:42:00,377,7,0,0
6208,06:44:00,06:45:00,241,8,0,0
6208,06:47:00,06:48:00,250,9,0,0
6208,06:49:00,06:50:00,380,10,0,0
6208,06:54:00,06:55:00,384,11,0,0
6208,06:58:00,06:59:00,299,12,0,0
6208,07:03:00,07:04:00,343,13,0,0
6208,07:06:00,07:06:00,339,14,0,0
862,06:30:00,06:30:00,1,1,0,0
862,06:38:00,06:39:00,400,2,0,0
862,06:43:00,06:44:00,238,3,0,0
862,06:47:00,06:47:00,540,4,0,0
862,06:51:00,06:51:00,362,5,0,0
862,07:01:00,07:02:00,374,6,0,0
862,07:09:00,07:11:00,271,7,0,0
862,07:17:00,07:17:00,433,8,0,0
862,07:24:00,07:24:00,307,9,0,0
862,07:28:00,07:29:00,256,10,0,0
862,07:38:00,07:39:00,408,11,0,0
862,07:49:00,07:51:00,301,12,0,0
862,08:00:00,08:00:00,297,13,0,0
862,08:06:00,08:06:00,324,14,0,0
862,08:12:00,08:13:00,206,15,0,0
862,08:21:00,08:22:00,233,16,0,0
862,08:28:00,08:28:00,323,17,0,0
862,08:36:00,08:36:00,309,18,0,0
862,08:49:00,08:49:00,432,19,0,0
6503,06:30:00,06:30:00,1,1,0,0
6503,06:33:00,06:34:00,386,2,0,0
6503,06:38:00,06:39:00,391,3,0,0
6503,06:40:00,06:41:00,248,4,0,0
6503,06:42:00,06:43:00,392,5,0,0
6503,06:44:00,06:45:00,305,6,0,0
6503,06:47:00,06:48:00,213,7,0,0
6503,06:51:00,06:52:00,358,8,0,0
6503,06:53:00,06:54:00,296,9,0,0
6503,06:56:00,06:56:00,229,10,0,0
6503,06:58:00,06:59:00,255,11,0,0
6503,07:00:00,07:01:00,316,12,0,0
6503,07:03:00,07:04:00,252,13,0,0
6503,07:06:00,07:07:00,336,14,0,0
6503,07:08:00,07:09:00,359,15,0,0
6503,07:11:00,07:11:00,322,16,0,0
6503,07:13:00,07:13:00,207,17,0,0
6503,07:15:00,07:15:00,393,18,0,0
6503,07:19:00,07:20:00,394,19,0,0
6503,07:24:00,07:25:00,275,20,0,0
6503,07:28:00,07:32:00,286,21,0,0
6503,07:38:00,07:39:00,395,22,0,0
6503,07:44:00,07:44:00,328,23,0,0
6503,07:48:00,07:49:00,396,24,0,0
6503,07:53:00,07:53:00,397,25,0,0
6705,06:35:00,06:35:00,1,1,0,0
6705,06:39:00,06:39:00,386,2,0,0
6705,06:41:00,06:42:00,500,3,0,0
6705,06:44:00,06:44:00,387,4,0,0
6705,06:47:00,06:47:00,388,5,0,0
6705,06:50:00,06:51:00,520,6,0,0
6705,06:55:00,06:55:00,346,7,0,0
6705,06:59:00,07:01:00,340,8,0,0
6705,07:06:00,07:07:00,239,9,0,0
6705,07:10:00,07:11:00,232,10,0,0
6705,07:13:00,07:14:00,342,11,0,0
6705,07:17:00,07:18:00,237,12,0,0
6705,07:22:00,07:22:00,349,13,0,0
6106,06:38:00,06:38:00,1,1,0,0
6106,06:44:00,06:45:00,400,2,0,0
6106,06:47:00,06:47:00,225,3,0,0
6106,06:49:00,06:50:00,382,4,0,0
6106,06:51:00,06:52:00,501,5,0,0
6106,06:54:00,06:54:00,385,6,0,0
6106,06:57:00,06:58:00,452,7,0,0
6106,07:01:00,07:01:00,449,8,0,0
6106,07:03:00,07:04:00,451,9,0,0
6106,07:06:00,07:07:00,258,10,0,0
6106,07:10:00,07:10:00,276,11,0,0
6106,07:13:00,07:13:00,281,12,0,0
6106,07:16:00,07:17:00,230,13,0,0
6106,07:19:00,07:19:00,282,14,0,0
6106,07:23:00,07:24:00,306,15,0,0
6106,07:29:00,07:30:00,310,16,0,0
6106,07:32:00,07:32:00,352,17,0,0
6106,07:36:00,07:37:00,398,18,0,0
6106,07:39:00,07:39:00,287,19,0,0
6106,07:41:00,07:42:00,453,20,0,0
6106,07:45:00,07:45:00,399,21,0,0
6210,06:39:00,06:39:00,1,1,0,0
6210,06:44:00,06:44:00,450,2,0,0
6210,06:48:00,06:49:00,331,3,0,0
6210,06:50:00,06:51:00,245,4,0,0
6210,06:52:00,06:53:00,421,5,0,0
6210,06:54:00,06:55:00,274,6,0,0
6210,06:56:00,06:57:00,377,7,0,0
6210,06:58:00,06:59:00,241,8,0,0
6210,07:02:00,07:02:00,250,9,0,0
6210,07:04:00,07:05:00,380,10,0,0
6210,07:09:00,07:09:00,384,11,0,0
6210,07:13:00,07:13:00,299,12,0,0
6210,07:17:00,07:18:00,343,13,0,0
6210,07:19:00,07:20:00,339,14,0,0
6210,07:22:00,07:22:00,354,15,0,0
6210,07:25:00,07:26:00,235,16,0,0
6210,07:30:00,07:30:00,283,17,0,0
6210,07:35:00,07:35:00,298,18,0,0
6402,06:39:00,06:39:00,394,1,0,0
6402,06:43:00,06:43:00,393,2,0,0
6402,06:45:00,06:45:00,207,3,0,0
6402,06:47:00,06:47:00,322,4,0,0
6402,06:49:00,06:49:00,359,5,0,0
6402,06:51:00,06:51:00,336,6,0,0
6402,06:53:00,06:54:00,252,7,0,0
6402,06:56:00,06:57:00,316,8,0,0
6402,06:59:00,06:59:00,255,9,0,0
6402,07:01:00,07:02:00,229,10,0,0
6402,07:04:00,07:04:00,296,11,0,0
6402,07:06:00,07:07:00,358,12,0,0
6402,07:10:00,07:11:00,213,13,0,0
6402,07:13:00,07:14:00,305,14,0,0
6402,07:16:00,07:16:00,392,15,0,0
6402,07:18:00,07:18:00,248,16,0,0
6402,07:20:00,07:21:00,391,17,0,0
6402,07:25:00,07:25:00,386,18,0,0
6402,07:29:00,07:29:00,1,19,0,0
6708,06:39:00,06:39:00,349,1,0,0
6708,06:42:00,06:43:00,237,2,0,0
6708,06:47:00,06:47:00,342,3,0,0
6708,06:50:00,06:50:00,232,4,0,0
6708,06:54:00,06:55:00,239,5,0,0
6708,06:59:00,07:01:00,340,6,0,0
6708,07:04:00,07:05:00,346,7,0,0
6708,07:09:00,07:09:00,520,8,0,0
6708,07:12:00,07:13:00,388,9,0,0
6708,07:15:00,07:16:00,387,10,0,0
6708,07:17:00,07:18:00,500,11,0,0
6708,07:20:00,07:21:00,386,12,0,0
6708,07:25:00,07:25:00,1,13,0,0
6510,06:40:00,06:40:00,396,1,0,0
6510,06:44:00,06:44:00,328,2,0,0
6510,06:49:00,06:50:00,395,3,0,0
6510,06:56:00,06:57:00,286,4,0,0
6510,07:00:00,07:00:00,275,5,0,0
6510,07:05:00,07:06:00,394,6,0,0
6510,07:15:00,07:16:00,252,7,0,0
6510,07:18:00,07:18:00,316,8,0,0
6510,07:20:00,07:20:00,255,9,0,0
6510,07:22:00,07:23:00,229,10,0,0
6510,07:30:00,07:30:00,305,11,0,0
6510,07:32:00,07:32:00,392,12,0,0
6510,07:35:00,07:36:00,391,13,0,0
6510,07:40:00,07:40:00,386,14,0,0
6510,07:44:00,07:44:00,1,15,0,0
6405,06:45:00,06:45:00,1,1,0,0
6405,06:49:00,06:49:00,386,2,0,0
6405,06:53:00,06:53:00,391,3,0,0
6405,06:56:00,06:56:00,392,4,0,0
6405,06:58:00,06:58:00,305,5,0,0
6405,07:05:00,07:05:00,229,6,0,0
6405,07:07:00,07:08:00,255,7,0,0
6405,07:09:00,07:10:00,316,8,0,0
6405,07:12:00,07:13:00,252,9,0,0
6405,07:23:00,07:23:00,394,10,0,0
6211,06:54:00,06:54:00,298,1,0,0
6211,06:58:00,06:59:00,283,2,0,0
6211,07:03:00,07:03:00,235,3,0,0
6211,07:06:00,07:07:00,354,4,0,0
6211,07:09:00,07:10:00,339,5,0,0
6211,07:11:00,07:12:00,343,6,0,0
6211,07:16:00,07:16:00,299,7,0,0
6211,07:20:00,07:20:00,384,8,0,0
6211,07:24:00,07:25:00,380,9,0,0
6211,07:27:00,07:27:00,250,10,0,0
6211,07:30:00,07:30:00,241,11,0,0
6211,07:32:00,07:32:00,377,12,0,0
6211,07:34:00,07:34:00,274,13,0,0
6211,07:36:00,07:37:00,421,14,0,0
6211,07:38:00,07:39:00,245,15,0,0
6211,07:40:00,07:41:00,331,16,0,0
6211,07:45:00,07:46:00,450,17,0,0
6211,07:51:00,07:51:00,1,18,0,0
6107,06:56:00,06:56:00,398,1,0,0
6107,06:59:00,06:59:00,352,2,0,0
6107,07:01:00,07:02:00,310,3,0,0
6107,07:07:00,07:07:00,306,4,0,0
6107,07:11:00,07:12:00,282,5,0,0
6107,07:14:00,07:15:00,230,6,0,0
6107,07:17:00,07:18:00,281,7,0,0
6107,07:20:00,07:21:00,276,8,0,0
6107,07:24:00,07:24:00,258,9,0,0
6107,07:27:00,07:27:00,451,10,0,0
6107,07:29:00,07:30:00,449,11,0,0
6107,07:32:00,07:33:00,452,12,0,0
6107,07:36:00,07:37:00,385,13,0,0
6107,07:39:00,07:39:00,501,14,0,0
6107,07:41:00,07:41:00,382,15,0,0
6107,07:43:00,07:44:00,225,16,0,0
6107,07:46:00,07:47:00,400,17,0,0
6107,07:53:00,07:53:00,1,18,0,0
6209,07:00:00,07:00:00,339,1,0,0
6209,07:02:00,07:02:00,343,2,0,0
6209,07:06:00,07:07:00,299,3,0,0
6209,07:11:00,07:11:00,384,4,0,0
6209,07:15:00,07:16:00,380,5,0,0
6209,07:18:00,07:18:00,250,6,0,0
6209,07:21:00,07:21:00,241,7,0,0
6209,07:25:00,07:26:00,421,8,0,0
6209,07:27:00,07:28:00,245,9,0,0
6209,07:29:00,07:30:00,331,10,0,0
6209,07:34:00,07:35:00,450,11,0,0
6209,07:40:00,07:40:00,1,12,0,0
6407,07:00:00,07:00:00,1,1,0,0
6407,07:03:00,07:04:00,386,2,0,0
6407,07:08:00,07:09:00,391,3,0,0
6407,07:10:00,07:11:00,248,4,0,0
6407,07:12:00,07:13:00,392,5,0,0
6407,07:14:00,07:15:00,305,6,0,0
6407,07:18:00,07:18:00,213,7,0,0
6407,07:22:00,07:22:00,358,8,0,0
6407,07:24:00,07:25:00,296,9,0,0
6407,07:26:00,07:27:00,229,10,0,0
6407,07:29:00,07:30:00,255,11,0,0
6407,07:31:00,07:32:00,316,12,0,0
6407,07:34:00,07:35:00,252,13,0,0
6407,07:37:00,07:38:00,336,14,0,0
6407,07:39:00,07:40:00,359,15,0,0
6407,07:42:00,07:42:00,322,16,0,0
6407,07:44:00,07:44:00,207,17,0,0
6407,07:46:00,07:46:00,393,18,0,0
6407,07:50:00,07:50:00,394,19,0,0
802,07:01:00,07:01:00,1,1,0,0
802,07:10:00,07:11:00,331,2,0,0
802,07:23:00,07:24:00,380,3,0,0
802,07:38:00,07:39:00,339,4,0,0
802,07:52:00,07:53:00,298,5,0,0
802,08:15:00,08:16:00,203,6,0,0
802,08:26:00,08:27:00,267,7,0,0
802,08:35:00,08:36:00,204,8,0,0
802,08:46:00,08:47:00,357,9,0,0
802,09:01:00,09:02:00,273,10,0,0
802,09:15:00,09:16:00,427,11,0,0
802,09:26:00,09:27:00,308,12,0,0
802,09:37:00,09:37:00,360,13,0,0
802,09:50:00,09:50:00,335,14,0,0
802,10:00:00,10:01:00,430,15,0,0
802,10:06:00,10:06:00,304,16,0,0
802,10:19:00,10:19:00,243,17,0,0
6215,07:02:00,07:02:00,203,1,0,0
6215,07:06:00,07:06:00,330,2,0,0
6215,07:10:00,07:11:00,412,3,0,0
6215,07:17:00,07:17:00,364,4,0,0
6215,07:21:00,07:22:00,367,5,0,0
6215,07:26:00,07:27:00,298,6,0,0
6215,07:31:00,07:31:00,283,7,0,0
6215,07:35:00,07:36:00,235,8,0,0
6215,07:39:00,07:40:00,354,9,0,0
6215,07:41:00,07:42:00,339,10,0,0
6215,07:44:00,07:44:00,343,11,0,0
6215,07:48:00,07:49:00,299,12,0,0
6215,07:52:00,07:53:00,384,13,0,0
6215,07:57:00,07:58:00,380,14,0,0
6215,07:59:00,08:00:00,250,15,0,0
6215,08:04:00,08:04:00,274,16,0,0
6215,08:06:00,08:07:00,421,17,0,0
6215,08:08:00,08:09:00,245,18,0,0
6215,08:10:00,08:11:00,331,19,0,0
6215,08:15:00,08:16:00,450,20,0,0
6215,08:21:00,08:21:00,1,21,0,0
6875,07:04:00,07:04:00,1,1,0,0
6875,07:09:00,07:11:00,386,2,0,0
6875,07:15:00,07:16:00,387,3,0,0
6875,07:29:00,07:30:00,340,4,0,0
6875,07:41:00,07:42:00,342,5,0,0
6875,07:46:00,07:47:00,237,6,0,0
6875,07:52:00,07:52:00,349,7,0,0
6874,07:05:00,07:05:00,349,1,0,0
6874,07:09:00,07:10:00,237,2,0,0
6874,07:15:00,07:16:00,342,3,0,0
6874,07:28:00,07:30:00,340,4,0,0
6874,07:43:00,07:44:00,387,5,0,0
6874,07:48:00,07:49:00,386,6,0,0
6874,07:54:00,07:54:00,1,7,0,0
6108,07:08:00,07:08:00,1,1,0,0
6108,07:14:00,07:15:00,400,2,0,0
6108,07:17:00,07:17:00,225,3,0,0
6108,07:19:00,07:20:00,382,4,0,0
6108,07:21:00,07:22:00,501,5,0,0
6108,07:24:00,07:24:00,385,6,0,0
6108,07:27:00,07:28:00,452,7,0,0
6108,07:31:00,07:31:00,449,8,0,0
6108,07:33:00,07:34:00,451,9,0,0
6108,07:36:00,07:37:00,258,10,0,0
6108,07:40:00,07:40:00,276,11,0,0
6108,07:43:00,07:43:00,281,12,0,0
6108,07:46:00,07:47:00,230,13,0,0
6108,07:49:00,07:49:00,282,14,0,0
6108,07:53:00,07:54:00,306,15,0,0
6108,07:59:00,08:00:00,310,16,0,0
6108,08:02:00,08:02:00,352,17,0,0
6108,08:06:00,08:06:00,398,18,0,0
6212,07:09:00,07:09:00,1,1,0,0
6212,07:14:00,07:14:00,450,2,0,0
6212,07:18:00,07:19:00,331,3,0,0
6212,07:20:00,07:21:00,245,4,0,0
6212,07:22:00,07:23:00,421,5,0,0
6212,07:24:00,07:25:00,274,6,0,0
6212,07:29:00,07:30:00,250,7,0,0
6212,07:31:00,07:32:00,380,8,0,0
6212,07:36:00,07:37:00,384,9,0,0
6212,07:40:00,07:41:00,299,10,0,0
6212,07:45:00,07:45:00,343,11,0,0
6212,07:47:00,07:48:00,339,12,0,0
6212,07:49:00,07:50:00,354,13,0,0
6212,07:53:00,07:53:00,235,14,0,0
6212,07:57:00,07:58:00,283,15,0,0
6212,08:02:00,08:03:00,298,16,0,0
6212,08:07:00,08:07:00,367,17,0,0
6212,08:11:00,08:12:00,364,18,0,0
6212,08:18:00,08:18:00,412,19,0,0
6212,08:23:00,08:23:00,330,20,0,0
6212,08:28:00,08:28:00,203,21,0,0
6512,07:09:00,07:09:00,397,1,0,0
6512,07:13:00,07:14:00,396,2,0,0
6512,07:17:00,07:18:00,328,3,0,0
6512,07:23:00,07:23:00,395,4,0,0
6512,07:30:00,07:30:00,286,5,0,0
6512,07:33:00,07:34:00,275,6,0,0
6512,07:38:00,07:39:00,394,7,0,0
6512,07:43:00,07:43:00,393,8,0,0
6512,07:45:00,07:45:00,207,9,0,0
6512,07:47:00,07:47:00,322,10,0,0
6512,07:49:00,07:49:00,359,11,0,0
6512,07:51:00,07:51:00,336,12,0,0
6512,07:53:00,07:54:00,252,13,0,0
6512,07:56:00,07:57:00,316,14,0,0
6512,07:59:00,07:59:00,255,15,0,0
6512,08:01:00,08:02:00,229,16,0,0
6512,08:04:00,08:04:00,296,17,0,0
6512,08:06:00,08:07:00,358,18,0,0
6512,08:10:00,08:11:00,213,19,0,0
6512,08:13:00,08:14:00,305,20,0,0
6512,08:16:00,08:16:00,392,21,0,0
6512,08:18:00,08:18:00,248,22,0,0
6512,08:20:00,08:21:00,391,23,0,0
6512,08:25:00,08:25:00,386,24,0,0
6512,08:29:00,08:29:00,1,25,0,0
6404,07:10:00,07:10:00,394,1,0,0
6404,07:14:00,07:14:00,393,2,0,0
6404,07:16:00,07:16:00,207,3,0,0
6404,07:18:00,07:18:00,322,4,0,0
6404,07:20:00,07:20:00,359,5,0,0
6404,07:22:00,07:22:00,336,6,0,0
6404,07:24:00,07:25:00,252,7,0,0
6404,07:27:00,07:28:00,316,8,0,0
6404,07:29:00,07:30:00,255,9,0,0
6404,07:32:00,07:32:00,229,10,0,0
6404,07:34:00,07:34:00,296,11,0,0
6404,07:36:00,07:37:00,358,12,0,0
6404,07:40:00,07:41:00,213,13,0,0
6404,07:43:00,07:44:00,305,14,0,0
6404,07:46:00,07:46:00,392,15,0,0
6404,07:48:00,07:48:00,248,16,0,0
6404,07:50:00,07:51:00,391,17,0,0
6404,07:55:00,07:55:00,386,18,0,0
6404,07:59:00,07:59:00,1,19,0,0
6109,07:17:00,07:17:00,399,1,0,0
6109,07:20:00,07:20:00,453,2,0,0
6109,07:22:00,07:23:00,287,3,0,0
6109,07:25:00,07:26:00,398,4,0,0
6109,07:29:00,07:29:00,352,5,0,0
6109,07:31:00,07:32:00,310,6,0,0
6109,07:37:00,07:37:00,306,7,0,0
6109,07:41:00,07:42:00,282,8,0,0
6109,07:44:00,07:45:00,230,9,0,0
6109,07:47:00,07:48:00,281,10,0,0
6109,07:50:00,07:51:00,276,11,0,0
6109,07:54:00,07:54:00,258,12,0,0
6109,07:57:00,07:57:00,451,13,0,0
6109,07:59:00,08:00:00,449,14,0,0
6109,08:02:00,08:03:00,452,15,0,0
6109,08:06:00,08:07:00,385,16,0,0
6109,08:09:00,08:09:00,501,17,0,0
6109,08:11:00,08:11:00,382,18,0,0
6109,08:13:00,08:14:00,225,19,0,0
6109,08:16:00,08:17:00,400,20,0,0
6109,08:23:00,08:23:00,1,21,0,0
6301,07:23:00,07:23:00,1,1,0,0
6301,07:26:00,07:27:00,386,2,0,0
6301,07:31:00,07:31:00,391,3,0,0
6301,07:33:00,07:33:00,248,4,0,0
6301,07:35:00,07:35:00,392,5,0,0
6301,07:37:00,07:37:00,305,6,0,0
6301,07:43:00,07:44:00,296,7,0,0
6301,07:45:00,07:46:00,229,8,0,0
6301,07:48:00,07:48:00,255,9,0,0
6301,07:50:00,07:51:00,316,10,0,0
6301,07:53:00,07:53:00,252,11,0,0
849,07:27:00,07:27:00,408,1,0,0
849,07:36:00,07:36:00,256,2,0,0
849,07:40:00,07:41:00,307,3,0,0
849,07:46:00,07:47:00,433,4,0,0
849,07:52:00,07:53:00,271,5,0,0
849,07:59:00,08:00:00,374,6,0,0
849,08:09:00,08:10:00,362,7,0,0
849,08:13:00,08:13:00,540,8,0,0
849,08:16:00,08:17:00,238,9,0,0
849,08:23:00,08:23:00,400,10,0,0
849,08:33:00,08:33:00,1,11,0,0
847,07:27:00,07:27:00,233,1,0,0
847,07:50:00,07:51:00,301,2,0,0
847,07:59:00,08:00:00,408,3,0,0
847,08:08:00,08:08:00,256,4,0,0
847,08:12:00,08:13:00,307,5,0,0
847,08:18:00,08:19:00,433,6,0,0
847,08:24:00,08:25:00,271,7,0,0
847,08:31:00,08:32:00,374,8,0,0
847,08:41:00,08:42:00,362,9,0,0
847,08:45:00,08:45:00,540,10,0,0
847,08:48:00,08:49:00,238,11,0,0
847,08:55:00,08:56:00,400,12,0,0
847,09:06:00,09:06:00,1,13,0,0
6213,07:30:00,07:30:00,339,1,0,0
6213,07:32:00,07:32:00,343,2,0,0
6213,07:36:00,07:37:00,299,3,0,0
6213,07:41:00,07:41:00,384,4,0,0
6213,07:45:00,07:46:00,380,5,0,0
6213,07:48:00,07:48:00,250,6,0,0
6213,07:51:00,07:51:00,241,7,0,0
6213,07:55:00,07:56:00,421,8,0,0
6213,07:57:00,07:58:00,245,9,0,0
6213,07:59:00,08:00:00,331,10,0,0
6213,08:04:00,08:05:00,450,11,0,0
6213,08:10:00,08:10:00,1,12,0,0
6505,07:30:00,07:30:00,1,1,0,0
6505,07:33:00,07:34:00,386,2,0,0
6505,07:38:00,07:39:00,391,3,0,0
6505,07:40:00,07:41:00,248,4,0,0
6505,07:42:00,07:43:00,392,5,0,0
6505,07:44:00,07:45:00,305,6,0,0
6505,07:48:00,07:48:00,213,7,0,0
6505,07:52:00,07:52:00,358,8,0,0
6505,07:54:00,07:55:00,296,9,0,0
6505,07:56:00,07:57:00,229,10,0,0
6505,07:59:00,08:00:00,255,11,0,0
6505,08:01:00,08:02:00,316,12,0,0
6505,08:04:00,08:05:00,252,13,0,0
6505,08:07:00,08:08:00,336,14,0,0
6505,08:09:00,08:10:00,359,15,0,0
6505,08:12:00,08:12:00,322,16,0,0
6505,08:14:00,08:14:00,207,17,0,0
6505,08:16:00,08:16:00,393,18,0,0
6505,08:20:00,08:21:00,394,19,0,0
6505,08:25:00,08:26:00,275,20,0,0
6505,08:29:00,08:32:00,286,21,0,0
6505,08:38:00,08:39:00,395,22,0,0
6505,08:44:00,08:44:00,328,23,0,0
6505,08:48:00,08:49:00,396,24,0,0
6505,08:53:00,08:53:00,397,25,0,0
6406,07:33:00,07:33:00,394,1,0,0
6406,07:42:00,07:43:00,252,2,0,0
6406,07:45:00,07:46:00,316,3,0,0
6406,07:47:00,07:48:00,255,4,0,0
6406,07:50:00,07:50:00,229,5,0,0
6406,07:57:00,07:58:00,305,6,0,0
6406,08:00:00,08:00:00,392,7,0,0
6406,08:03:00,08:04:00,391,8,0,0
6406,08:08:00,08:10:00,386,9,0,0
6406,08:14:00,08:14:00,1,10,0,0
6709,07:35:00,07:35:00,1,1,0,0
6709,07:39:00,07:39:00,386,2,0,0
6709,07:41:00,07:42:00,500,3,0,0
6709,07:44:00,07:44:00,387,4,0,0
6709,07:47:00,07:47:00,388,5,0,0
6709,07:50:00,07:51:00,520,6,0,0
6709,07:55:00,07:55:00,346,7,0,0
6709,07:59:00,08:01:00,340,8,0,0
6709,08:06:00,08:07:00,239,9,0,0
6709,08:10:00,08:11:00,232,10,0,0
6709,08:13:00,08:14:00,342,11,0,0
6709,08:17:00,08:18:00,237,12,0,0
6709,08:22:00,08:22:00,349,13,0,0
6110,07:38:00,07:38:00,1,1,0,0
6110,07:44:00,07:45:00,400,2,0,0
6110,07:47:00,07:47:00,225,3,0,0
6110,07:49:00,07:50:00,382,4,0,0
6110,07:51:00,07:52:00,501,5,0,0
6110,07:54:00,07:54:00,385,6,0,0
6110,07:57:00,07:58:00,452,7,0,0
6110,08:01:00,08:01:00,449,8,0,0
6110,08:03:00,08:04:00,451,9,0,0
6110,08:06:00,08:07:00,258,10,0,0
6110,08:10:00,08:10:00,276,11,0,0
6110,08:13:00,08:13:00,281,12,0,0
6110,08:16:00,08:17:00,230,13,0,0
6110,08:19:00,08:19:00,282,14,0,0
6110,08:23:00,08:24:00,306,15,0,0
6110,08:29:00,08:30:00,310,16,0,0
6110,08:32:00,08:32:00,352,17,0,0
6110,08:36:00,08:37:00,398,18,0,0
6110,08:39:00,08:39:00,287,19,0,0
6110,08:41:00,08:42:00,453,20,0,0
6110,08:45:00,08:45:00,399,21,0,0
6712,07:39:00,07:39:00,349,1,0,0
6712,07:42:00,07:43:00,237,2,0,0
6712,07:47:00,07:47:00,342,3,0,0
6712,07:50:00,07:50:00,232,4,0,0
6712,07:54:00,07:55:00,239,5,0,0
6712,07:59:00,08:01:00,340,6,0,0
6712,08:04:00,08:05:00,346,7,0,0
6712,08:09:00,08:09:00,520,8,0,0
6712,08:12:00,08:13:00,388,9,0,0
6712,08:15:00,08:16:00,387,10,0,0
6712,08:17:00,08:18:00,500,11,0,0
6712,08:20:00,08:21:00,386,12,0,0
6712,08:25:00,08:25:00,1,13,0,0
6214,07:39:00,07:39:00,1,1,0,0
6214,07:44:00,07:44:00,450,2,0,0
6214,07:48:00,07:49:00,331,3,0,0
6214,07:50:00,07:51:00,245,4,0,0
6214,07:52:00,07:53:00,421,5,0,0
6214,07:55:00,07:55:00,274,6,0,0
6214,07:57:00,07:57:00,377,7,0,0
6214,07:59:00,08:00:00,241,8,0,0
6214,08:02:00,08:03:00,250,9,0,0
6214,08:04:00,08:05:00,380,10,0,0
6214,08:09:00,08:10:00,384,11,0,0
6214,08:14:00,08:15:00,299,12,0,0
6214,08:19:00,08:20:00,343,13,0,0
6214,08:21:00,08:22:00,339,14,0,0
6214,08:24:00,08:25:00,354,15,0,0
6214,08:28:00,08:28:00,235,16,0,0
6214,08:32:00,08:33:00,283,17,0,0
6214,08:38:00,08:38:00,298,18,0,0
813,07:42:00,07:42:00,243,1,0,0
813,07:55:00,07:56:00,304,2,0,0
813,08:01:00,08:01:00,430,3,0,0
813,08:12:00,08:12:00,335,4,0,0
813,08:24:00,08:25:00,360,5,0,0
813,08:35:00,08:36:00,308,6,0,0
813,08:47:00,08:47:00,427,7,0,0
813,09:01:00,09:02:00,273,8,0,0
813,09:16:00,09:17:00,357,9,0,0
813,09:27:00,09:27:00,204,10,0,0
813,09:35:00,09:36:00,267,11,0,0
813,09:46:00,09:47:00,203,12,0,0
813,10:10:00,10:11:00,298,13,0,0
813,10:23:00,10:24:00,339,14,0,0
813,10:37:00,10:38:00,380,15,0,0
813,10:49:00,10:50:00,331,16,0,0
813,10:59:00,10:59:00,1,17,0,0
6303,07:45:00,07:45:00,1,1,0,0
6303,07:48:00,07:49:00,386,2,0,0
6303,07:53:00,07:54:00,391,3,0,0
6303,07:55:00,07:56:00,248,4,0,0
6303,07:57:00,07:58:00,392,5,0,0
6303,07:59:00,08:00:00,305,6,0,0
6303,08:03:00,08:03:00,213,7,0,0
6303,08:07:00,08:07:00,358,8,0,0
6303,08:09:00,08:10:00,296,9,0,0
6303,08:11:00,08:12:00,229,10,0,0
6303,08:14:00,08:14:00,255,11,0,0
6303,08:16:00,08:17:00,316,12,0,0
6303,08:19:00,08:19:00,252,13,0,0
6217,07:54:00,07:54:00,298,1,0,0
6217,07:58:00,07:59:00,283,2,0,0
6217,08:03:00,08:03:00,235,3,0,0
6217,08:06:00,08:07:00,354,4,0,0
6217,08:09:00,08:10:00,339,5,0,0
6217,08:11:00,08:12:00,343,6,0,0
6217,08:16:00,08:16:00,299,7,0,0
6217,08:20:00,08:20:00,384,8,0,0
6217,08:24:00,08:25:00,380,9,0,0
6217,08:27:00,08:27:00,250,10,0,0
6217,08:30:00,08:30:00,241,11,0,0
6217,08:32:00,08:32:00,377,12,0,0
6217,08:34:00,08:34:00,274,13,0,0
6217,08:36:00,08:37:00,421,14,0,0
6217,08:38:00,08:39:00,245,15,0,0
6217,08:40:00,08:41:00,331,16,0,0
6217,08:45:00,08:46:00,450,17,0,0
6217,08:51:00,08:51:00,1,18,0,0
6111,07:56:00,07:56:00,398,1,0,0
6111,07:59:00,07:59:00,352,2,0,0
6111,08:01:00,08:02:00,310,3,0,0
6111,08:07:00,08:07:00,306,4,0,0
6111,08:11:00,08:12:00,282,5,0,0
6111,08:14:00,08:15:00,230,6,0,0
6111,08:17:00,08:18:00,281,7,0,0
6111,08:20:00,08:21:00,276,8,0,0
6111,08:24:00,08:24:00,258,9,0,0
6111,08:27:00,08:27:00,451,10,0,0
6111,08:29:00,08:30:00,449,11,0,0
6111,08:32:00,08:33:00,452,12,0,0
6111,08:36:00,08:37:00,385,13,0,0
6111,08:39:00,08:39:00,501,14,0,0
6111,08:41:00,08:41:00,382,15,0,0
6111,08:43:00,08:44:00,225,16,0,0
6111,08:46:00,08:47:00,400,17,0,0
6111,08:53:00,08:53:00,1,18,0,0
830,08:00:00,08:00:00,1,1,0,0
830,08:08:00,08:09:00,400,2,0,0
830,08:13:00,08:14:00,238,3,0,0
830,08:17:00,08:17:00,540,4,0,0
830,08:21:00,08:21:00,362,5,0,0
830,08:31:00,08:32:00,374,6,0,0
830,08:39:00,08:40:00,271,7,0,0
830,08:46:00,08:46:00,433,8,0,0
830,08:53:00,08:53:00,307,9,0,0
830,08:57:00,08:58:00,256,10,0,0
830,09:08:00,09:08:00,408,11,0,0
6409,08:00:00,08:00:00,1,1,0,0
6409,08:03:00,08:04:00,386,2,0,0
6409,08:08:00,08:09:00,391,3,0,0
6409,08:10:00,08:11:00,248,4,0,0
6409,08:12:00,08:13:00,392,5,0,0
6409,08:14:00,08:15:00,305,6,0,0
6409,08:18:00,08:18:00,213,7,0,0
6409,08:22:00,08:22:00,358,8,0,0
6409,08:24:00,08:25:00,296,9,0,0
6409,08:26:00,08:27:00,229,10,0,0
6409,08:29:00,08:30:00,255,11,0,0
6409,08:31:00,08:32:00,316,12,0,0
6409,08:34:00,08:35:00,252,13,0,0
6409,08:37:00,08:38:00,336,14,0,0
6409,08:39:00,08:40:00,359,15,0,0
6409,08:42:00,08:42:00,322,16,0,0
6409,08:44:00,08:44:00,207,17,0,0
6409,08:46:00,08:46:00,393,18,0,0
6409,08:50:00,08:50:00,394,19,0,0
804,08:01:00,08:01:00,1,1,0,0
804,08:10:00,08:11:00,331,2,0,0
804,08:34:00,08:35:00,339,3,0,0
804,08:48:00,08:49:00,298,4,0,0
804,09:11:00,09:12:00,203,5,0,0
804,09:22:00,09:23:00,267,6,0,0
804,09:39:00,09:40:00,357,7,0,0
804,09:54:00,09:55:00,273,8,0,0
804,10:08:00,10:08:00,279,9,0,0
804,10:18:00,10:18:00,326,10,0,0
804,10:27:00,10:27:00,208,11,0,0
804,10:39:00,10:40:00,418,12,0,0
804,10:48:00,10:48:00,434,13,0,0
804,10:58:00,10:58:00,441,14,0,0
804,11:09:00,11:10:00,379,15,0,0
804,11:21:00,11:23:00,372,16,0,0
804,11:32:00,11:32:00,423,17,0,0
804,11:38:00,11:38:00,236,18,0,0
804,11:49:00,11:50:00,311,19,0,0
804,11:58:00,11:59:00,317,20,0,0
804,12:09:00,12:10:00,333,21,0,0
804,12:17:00,12:17:00,227,22,0,0
804,12:24:00,12:24:00,446,23,0,0
6877,08:04:00,08:04:00,1,1,0,0
6877,08:09:00,08:11:00,386,2,0,0
6877,08:15:00,08:16:00,387,3,0,0
6877,08:29:00,08:31:00,340,4,0,0
6877,08:42:00,08:43:00,342,5,0,0
6877,08:47:00,08:48:00,237,6,0,0
6877,08:53:00,08:53:00,349,7,0,0
6876,08:05:00,08:05:00,349,1,0,0
6876,08:09:00,08:10:00,237,2,0,0
6876,08:15:00,08:16:00,342,3,0,0
6876,08:28:00,08:30:00,340,4,0,0
6876,08:43:00,08:44:00,387,5,0,0
6876,08:48:00,08:49:00,386,6,0,0
6876,08:54:00,08:54:00,1,7,0,0
6219,08:07:00,08:07:00,203,1,0,0
6219,08:14:00,08:14:00,412,2,0,0
6219,08:20:00,08:21:00,364,3,0,0
6219,08:25:00,08:25:00,367,4,0,0
6219,08:29:00,08:30:00,298,5,0,0
6219,08:34:00,08:34:00,283,6,0,0
6219,08:40:00,08:41:00,354,7,0,0
6219,08:43:00,08:44:00,339,8,0,0
6219,08:45:00,08:46:00,343,9,0,0
6219,08:50:00,08:50:00,299,10,0,0
6219,08:54:00,08:54:00,384,11,0,0
6219,08:58:00,08:59:00,380,12,0,0
6219,09:01:00,09:01:00,250,13,0,0
6219,09:06:00,09:07:00,421,14,0,0
6219,09:08:00,09:09:00,245,15,0,0
6219,09:10:00,09:11:00,331,16,0,0
6219,09:15:00,09:16:00,450,17,0,0
6219,09:21:00,09:21:00,1,18,0,0
6302,08:08:00,08:08:00,252,1,0,0
6302,08:10:00,08:11:00,316,2,0,0
6302,08:12:00,08:13:00,255,3,0,0
6302,08:15:00,08:15:00,229,4,0,0
6302,08:17:00,08:17:00,296,5,0,0
6302,08:19:00,08:20:00,358,6,0,0
6302,08:23:00,08:24:00,213,7,0,0
6302,08:26:00,08:27:00,305,8,0,0
6302,08:29:00,08:29:00,392,9,0,0
6302,08:31:00,08:31:00,248,10,0,0
6302,08:33:00,08:34:00,391,11,0,0
6302,08:38:00,08:40:00,386,12,0,0
6302,08:44:00,08:44:00,1,13,0,0
6408,08:09:00,08:09:00,394,1,0,0
6408,08:13:00,08:13:00,393,2,0,0
6408,08:15:00,08:15:00,207,3,0,0
6408,08:17:00,08:17:00,322,4,0,0
6408,08:19:00,08:19:00,359,5,0,0
6408,08:21:00,08:21:00,336,6,0,0
6408,08:23:00,08:24:00,252,7,0,0
6408,08:26:00,08:27:00,316,8,0,0
6408,08:29:00,08:29:00,255,9,0,0
6408,08:31:00,08:32:00,229,10,0,0
6408,08:34:00,08:34:00,296,11,0,0
6408,08:36:00,08:37:00,358,12,0,0
6408,08:40:00,08:41:00,213,13,0,0
6408,08:43:00,08:44:00,305,14,0,0
6408,08:46:00,08:46:00,392,15,0,0
6408,08:48:00,08:48:00,248,16,0,0
6408,08:50:00,08:51:00,391,17,0,0
6408,08:55:00,08:55:00,386,18,0,0
6408,08:59:00,08:59:00,1,19,0,0
6216,08:09:00,08:09:00,1,1,0,0
6216,08:14:00,08:14:00,450,2,0,0
6216,08:18:00,08:19:00,331,3,0,0
6216,08:20:00,08:21:00,245,4,0,0
6216,08:22:00,08:23:00,421,5,0,0
6216,08:24:00,08:25:00,274,6,0,0
6216,08:26:00,08:27:00,377,7,0,0
6216,08:28:00,08:29:00,241,8,0,0
6216,08:32:00,08:32:00,250,9,0,0
6216,08:34:00,08:35:00,380,10,0,0
6216,08:39:00,08:39:00,384,11,0,0
6216,08:43:00,08:44:00,299,12,0,0
6216,08:48:00,08:48:00,343,13,0,0
6216,08:50:00,08:51:00,339,14,0,0
6216,08:52:00,08:53:00,354,15,0,0
6216,08:56:00,08:56:00,235,16,0,0
6216,09:00:00,09:01:00,283,17,0,0
6216,09:06:00,09:06:00,298,18,0,0
6514,08:09:00,08:09:00,397,1,0,0
6514,08:13:00,08:14:00,396,2,0,0
6514,08:17:00,08:18:00,328,3,0,0
6514,08:23:00,08:23:00,395,4,0,0
6514,08:30:00,08:30:00,286,5,0,0
6514,08:33:00,08:34:00,275,6,0,0
6514,08:38:00,08:39:00,394,7,0,0
6514,08:43:00,08:43:00,393,8,0,0
6514,08:45:00,08:45:00,207,9,0,0
6514,08:47:00,08:47:00,322,10,0,0
6514,08:49:00,08:49:00,359,11,0,0
6514,08:51:00,08:51:00,336,12,0,0
6514,08:53:00,08:54:00,252,13,0,0
6514,08:56:00,08:57:00,316,14,0,0
6514,08:59:00,08:59:00,255,15,0,0
6514,09:01:00,09:02:00,229,16,0,0
6514,09:04:00,09:04:00,296,17,0,0
6514,09:06:00,09:07:00,358,18,0,0
6514,09:10:00,09:11:00,213,19,0,0
6514,09:13:00,09:14:00,305,20,0,0
6514,09:16:00,09:16:00,392,21,0,0
6514,09:18:00,09:18:00,248,22,0,0
6514,09:20:00,09:21:00,391,23,0,0
6514,09:25:00,09:25:00,386,24,0,0
6514,09:29:00,09:29:00,1,25,0,0
6112,08:10:00,08:10:00,1,1,0,0
6112,08:16:00,08:17:00,400,2,0,0
6112,08:19:00,08:19:00,225,3,0,0
6112,08:21:00,08:22:00,382,4,0,0
6112,08:23:00,08:24:00,501,5,0,0
6112,08:26:00,08:26:00,385,6,0,0
6112,08:29:00,08:30:00,452,7,0,0
6112,08:33:00,08:33:00,449,8,0,0
6112,08:35:00,08:36:00,451,9,0,0
6112,08:39:00,08:39:00,258,10,0,0
6112,08:42:00,08:43:00,276,11,0,0
6112,08:45:00,08:46:00,281,12,0,0
6112,08:49:00,08:49:00,230,13,0,0
6305,08:15:00,08:15:00,1,1,0,0
6305,08:18:00,08:19:00,386,2,0,0
6305,08:23:00,08:24:00,391,3,0,0
6305,08:25:00,08:26:00,248,4,0,0
6305,08:27:00,08:28:00,392,5,0,0
6305,08:29:00,08:30:00,305,6,0,0
6305,08:33:00,08:33:00,213,7,0,0
6305,08:37:00,08:37:00,358,8,0,0
6305,08:39:00,08:40:00,296,9,0,0
6305,08:41:00,08:42:00,229,10,0,0
6305,08:44:00,08:44:00,255,11,0,0
6305,08:46:00,08:47:00,316,12,0,0
6305,08:49:00,08:49:00,252,13,0,0
6113,08:17:00,08:17:00,399,1,0,0
6113,08:20:00,08:20:00,453,2,0,0
6113,08:22:00,08:23:00,287,3,0,0
6113,08:25:00,08:26:00,398,4,0,0
6113,08:29:00,08:29:00,352,5,0,0
6113,08:31:00,08:32:00,310,6,0,0
6113,08:37:00,08:37:00,306,7,0,0
6113,08:41:00,08:42:00,282,8,0,0
6113,08:44:00,08:45:00,230,9,0,0
6113,08:47:00,08:48:00,281,10,0,0
6113,08:50:00,08:51:00,276,11,0,0
6113,08:54:00,08:54:00,258,12,0,0
6113,08:57:00,08:57:00,451,13,0,0
6113,08:59:00,09:00:00,449,14,0,0
6113,09:02:00,09:03:00,452,15,0,0
6113,09:06:00,09:07:00,385,16,0,0
6113,09:09:00,09:09:00,501,17,0,0
6113,09:11:00,09:11:00,382,18,0,0
6113,09:13:00,09:14:00,225,19,0,0
6113,09:16:00,09:17:00,400,20,0,0
6113,09:23:00,09:23:00,1,21,0,0
6507,08:30:00,08:30:00,1,1,0,0
6507,08:33:00,08:34:00,386,2,0,0
6507,08:38:00,08:39:00,391,3,0,0
6507,08:40:00,08:41:00,248,4,0,0
6507,08:42:00,08:43:00,392,5,0,0
6507,08:44:00,08:45:00,305,6,0,0
6507,08:48:00,08:48:00,213,7,0,0
6507,08:52:00,08:52:00,358,8,0,0
6507,08:54:00,08:55:00,296,9,0,0
6507,08:56:00,08:57:00,229,10,0,0
6507,08:59:00,09:00:00,255,11,0,0
6507,09:01:00,09:02:00,316,12,0,0
6507,09:04:00,09:05:00,252,13,0,0
6507,09:07:00,09:08:00,336,14,0,0
6507,09:09:00,09:10:00,359,15,0,0
6507,09:12:00,09:12:00,322,16,0,0
6507,09:14:00,09:14:00,207,17,0,0
6507,09:16:00,09:16:00,393,18,0,0
6507,09:20:00,09:21:00,394,19,0,0
6507,09:25:00,09:26:00,275,20,0,0
6507,09:29:00,09:32:00,286,21,0,0
6507,09:38:00,09:39:00,395,22,0,0
6507,09:44:00,09:44:00,328,23,0,0
6507,09:48:00,09:49:00,396,24,0,0
6507,09:53:00,09:53:00,397,25,0,0
6713,08:35:00,08:35:00,1,1,0,0
6713,08:39:00,08:39:00,386,2,0,0
6713,08:41:00,08:42:00,500,3,0,0
6713,08:44:00,08:44:00,387,4,0,0
6713,08:47:00,08:47:00,388,5,0,0
6713,08:50:00,08:51:00,520,6,0,0
6713,08:55:00,08:55:00,346,7,0,0
6713,08:59:00,09:01:00,340,8,0,0
6713,09:06:00,09:07:00,239,9,0,0
6713,09:10:00,09:11:00,232,10,0,0
6713,09:13:00,09:14:00,342,11,0,0
6713,09:17:00,09:18:00,237,12,0,0
6713,09:22:00,09:22:00,349,13,0,0
6114,08:38:00,08:38:00,1,1,0,0
6114,08:44:00,08:45:00,400,2,0,0
6114,08:47:00,08:47:00,225,3,0,0
6114,08:49:00,08:50:00,382,4,0,0
6114,08:51:00,08:52:00,501,5,0,0
6114,08:54:00,08:54:00,385,6,0,0
6114,08:57:00,08:58:00,452,7,0,0
6114,09:01:00,09:01:00,449,8,0,0
6114,09:03:00,09:04:00,451,9,0,0
6114,09:06:00,09:07:00,258,10,0,0
6114,09:10:00,09:10:00,276,11,0,0
6114,09:13:00,09:13:00,281,12,0,0
6114,09:16:00,09:17:00,230,13,0,0
6114,09:19:00,09:19:00,282,14,0,0
6114,09:23:00,09:24:00,306,15,0,0
6114,09:29:00,09:30:00,310,16,0,0
6114,09:32:00,09:32:00,352,17,0,0
6114,09:36:00,09:37:00,398,18,0,0
6114,09:39:00,09:39:00,287,19,0,0
6114,09:41:00,09:42:00,453,20,0,0
6114,09:45:00,09:45:00,399,21,0,0
6716,08:39:00,08:39:00,349,1,0,0
6716,08:42:00,08:43:00,237,2,0,0
6716,08:47:00,08:47:00,342,3,0,0
6716,08:50:00,08:50:00,232,4,0,0
6716,08:54:00,08:55:00,239,5,0,0
6716,08:59:00,09:01:00,340,6,0,0
6716,09:04:00,09:05:00,346,7,0,0
6716,09:09:00,09:09:00,520,8,0,0
6716,09:12:00,09:13:00,388,9,0,0
6716,09:15:00,09:16:00,387,10,0,0
6716,09:17:00,09:18:00,500,11,0,0
6716,09:20:00,09:21:00,386,12,0,0
6716,09:25:00,09:25:00,1,13,0,0
6218,08:39:00,08:39:00,1,1,0,0
6218,08:44:00,08:44:00,450,2,0,0
6218,08:48:00,08:49:00,331,3,0,0
6218,08:50:00,08:51:00,245,4,0,0
6218,08:52:00,08:53:00,421,5,0,0
6218,08:54:00,08:55:00,274,6,0,0
6218,08:59:00,09:00:00,250,7,0,0
6218,09:01:00,09:02:00,380,8,0,0
6218,09:06:00,09:07:00,384,9,0,0
6218,09:10:00,09:11:00,299,10,0,0
6218,09:15:00,09:15:00,343,11,0,0
6218,09:17:00,09:18:00,339,12,0,0
6218,09:19:00,09:20:00,354,13,0,0
6218,09:23:00,09:23:00,235,14,0,0
6218,09:27:00,09:28:00,283,15,0,0
6218,09:32:00,09:33:00,298,16,0,0
6218,09:37:00,09:37:00,367,17,0,0
6218,09:41:00,09:42:00,364,18,0,0
6218,09:48:00,09:48:00,412,19,0,0
6218,09:53:00,09:53:00,330,20,0,0
6218,09:58:00,09:58:00,203,21,0,0
6304,08:40:00,08:40:00,252,1,0,0
6304,08:42:00,08:43:00,316,2,0,0
6304,08:44:00,08:45:00,255,3,0,0
6304,08:47:00,08:47:00,229,4,0,0
6304,08:49:00,08:49:00,296,5,0,0
6304,08:51:00,08:52:00,358,6,0,0
6304,08:55:00,08:56:00,213,7,0,0
6304,08:58:00,08:59:00,305,8,0,0
6304,09:01:00,09:01:00,392,9,0,0
6304,09:03:00,09:03:00,248,10,0,0
6304,09:05:00,09:06:00,391,11,0,0
6304,09:10:00,09:10:00,386,12,0,0
6304,09:14:00,09:14:00,1,13,0,0
6221,08:54:00,08:54:00,298,1,0,0
6221,08:58:00,08:59:00,283,2,0,0
6221,09:03:00,09:03:00,235,3,0,0
6221,09:06:00,09:07:00,354,4,0,0
6221,09:09:00,09:10:00,339,5,0,0
6221,09:11:00,09:12:00,343,6,0,0
6221,09:16:00,09:16:00,299,7,0,0
6221,09:20:00,09:20:00,384,8,0,0
6221,09:24:00,09:25:00,380,9,0,0
6221,09:27:00,09:27:00,250,10,0,0
6221,09:30:00,09:30:00,241,11,0,0
6221,09:32:00,09:32:00,377,12,0,0
6221,09:34:00,09:34:00,274,13,0,0
6221,09:36:00,09:37:00,421,14,0,0
6221,09:38:00,09:39:00,245,15,0,0
6221,09:40:00,09:41:00,331,16,0,0
6221,09:45:00,09:46:00,450,17,0,0
6221,09:51:00,09:51:00,1,18,0,0
6117,08:57:00,08:57:00,398,1,0,0
6117,09:00:00,09:00:00,352,2,0,0
6117,09:07:00,09:07:00,306,3,0,0
6117,09:11:00,09:12:00,282,4,0,0
6117,09:14:00,09:15:00,230,5,0,0
6117,09:17:00,09:18:00,281,6,0,0
6117,09:20:00,09:21:00,276,7,0,0
6117,09:24:00,09:24:00,258,8,0,0
6117,09:27:00,09:27:00,451,9,0,0
6117,09:29:00,09:30:00,449,10,0,0
6117,09:32:00,09:33:00,452,11,0,0
6117,09:36:00,09:37:00,385,12,0,0
6117,09:39:00,09:39:00,501,13,0,0
6117,09:41:00,09:41:00,382,14,0,0
6117,09:43:00,09:44:00,225,15,0,0
6117,09:46:00,09:47:00,400,16,0,0
6117,09:53:00,09:53:00,1,17,0,0
6411,09:00:00,09:00:00,1,1,0,0
6411,09:03:00,09:04:00,386,2,0,0
6411,09:08:00,09:09:00,391,3,0,0
6411,09:10:00,09:11:00,248,4,0,0
6411,09:12:00,09:13:00,392,5,0,0
6411,09:14:00,09:15:00,305,6,0,0
6411,09:18:00,09:18:00,213,7,0,0
6411,09:22:00,09:22:00,358,8,0,0
6411,09:24:00,09:25:00,296,9,0,0
6411,09:26:00,09:27:00,229,10,0,0
6411,09:29:00,09:30:00,255,11,0,0
6411,09:31:00,09:32:00,316,12,0,0
6411,09:34:00,09:35:00,252,13,0,0
6411,09:37:00,09:38:00,336,14,0,0
6411,09:39:00,09:40:00,359,15,0,0
6411,09:42:00,09:42:00,322,16,0,0
6411,09:44:00,09:44:00,207,17,0,0
6411,09:46:00,09:46:00,393,18,0,0
6411,09:50:00,09:50:00,394,19,0,0
6223,09:03:00,09:03:00,203,1,0,0
6223,09:07:00,09:07:00,330,2,0,0
6223,09:11:00,09:12:00,412,3,0,0
6223,09:18:00,09:18:00,364,4,0,0
6223,09:22:00,09:23:00,367,5,0,0
6223,09:27:00,09:28:00,298,6,0,0
6223,09:32:00,09:32:00,283,7,0,0
6223,09:36:00,09:37:00,235,8,0,0
6223,09:40:00,09:41:00,354,9,0,0
6223,09:42:00,09:43:00,339,10,0,0
6223,09:45:00,09:45:00,343,11,0,0
6223,09:49:00,09:50:00,299,12,0,0
6223,09:53:00,09:54:00,384,13,0,0
6223,09:58:00,09:59:00,380,14,0,0
6223,10:00:00,10:01:00,250,15,0,0
6223,10:06:00,10:07:00,421,16,0,0
6223,10:08:00,10:09:00,245,17,0,0
6223,10:10:00,10:11:00,331,18,0,0
6223,10:15:00,10:16:00,450,19,0,0
6223,10:21:00,10:21:00,1,20,0,0
6878,09:05:00,09:05:00,349,1,0,0
6878,09:09:00,09:10:00,237,2,0,0
6878,09:15:00,09:16:00,342,3,0,0
6878,09:28:00,09:29:00,340,4,0,0
6878,09:42:00,09:43:00,387,5,0,0
6878,09:47:00,09:48:00,386,6,0,0
6878,09:53:00,09:53:00,1,7,0,0
6306,09:09:00,09:09:00,252,1,0,0
6306,09:11:00,09:12:00,316,2,0,0
6306,09:13:00,09:14:00,255,3,0,0
6306,09:16:00,09:16:00,229,4,0,0
6306,09:18:00,09:18:00,296,5,0,0
6306,09:20:00,09:21:00,358,6,0,0
6306,09:24:00,09:25:00,213,7,0,0
6306,09:27:00,09:28:00,305,8,0,0
6306,09:30:00,09:30:00,392,9,0,0
6306,09:33:00,09:34:00,391,10,0,0
6306,09:38:00,09:40:00,386,11,0,0
6306,09:44:00,09:44:00,1,12,0,0
6410,09:09:00,09:09:00,394,1,0,0
6410,09:13:00,09:13:00,393,2,0,0
6410,09:15:00,09:15:00,207,3,0,0
6410,09:17:00,09:17:00,322,4,0,0
6410,09:19:00,09:19:00,359,5,0,0
6410,09:21:00,09:21:00,336,6,0,0
6410,09:23:00,09:24:00,252,7,0,0
6410,09:26:00,09:27:00,316,8,0,0
6410,09:29:00,09:29:00,255,9,0,0
6410,09:31:00,09:32:00,229,10,0,0
6410,09:34:00,09:34:00,296,11,0,0
6410,09:36:00,09:37:00,358,12,0,0
6410,09:40:00,09:41:00,213,13,0,0
6410,09:43:00,09:44:00,305,14,0,0
6410,09:46:00,09:46:00,392,15,0,0
6410,09:48:00,09:48:00,248,16,0,0
6410,09:50:00,09:51:00,391,17,0,0
6410,09:55:00,09:55:00,386,18,0,0
6410,09:59:00,09:59:00,1,19,0,0
6220,09:09:00,09:09:00,1,1,0,0
6220,09:14:00,09:14:00,450,2,0,0
6220,09:18:00,09:19:00,331,3,0,0
6220,09:20:00,09:21:00,245,4,0,0
6220,09:22:00,09:23:00,421,5,0,0
6220,09:24:00,09:25:00,274,6,0,0
6220,09:26:00,09:27:00,377,7,0,0
6220,09:28:00,09:29:00,241,8,0,0
6220,09:32:00,09:32:00,250,9,0,0
6220,09:34:00,09:35:00,380,10,0,0
6220,09:39:00,09:39:00,384,11,0,0
6220,09:43:00,09:43:00,299,12,0,0
6220,09:47:00,09:48:00,343,13,0,0
6220,09:50:00,09:50:00,339,14,0,0
6516,09:09:00,09:09:00,397,1,0,0
6516,09:13:00,09:14:00,396,2,0,0
6516,09:17:00,09:18:00,328,3,0,0
6516,09:23:00,09:23:00,395,4,0,0
6516,09:30:00,09:30:00,286,5,0,0
6516,09:33:00,09:34:00,275,6,0,0
6516,09:38:00,09:39:00,394,7,0,0
6516,09:43:00,09:43:00,393,8,0,0
6516,09:45:00,09:45:00,207,9,0,0
6516,09:47:00,09:47:00,322,10,0,0
6516,09:49:00,09:49:00,359,11,0,0
6516,09:51:00,09:51:00,336,12,0,0
6516,09:53:00,09:54:00,252,13,0,0
6516,09:56:00,09:57:00,316,14,0,0
6516,09:59:00,09:59:00,255,15,0,0
6516,10:01:00,10:02:00,229,16,0,0
6516,10:04:00,10:04:00,296,17,0,0
6516,10:06:00,10:07:00,358,18,0,0
6516,10:10:00,10:11:00,213,19,0,0
6516,10:13:00,10:14:00,305,20,0,0
6516,10:16:00,10:16:00,392,21,0,0
6516,10:18:00,10:18:00,248,22,0,0
6516,10:20:00,10:21:00,391,23,0,0
6516,10:25:00,10:25:00,386,24,0,0
6516,10:29:00,10:29:00,1,25,0,0
6119,09:17:00,09:17:00,399,1,0,0
6119,09:20:00,09:20:00,453,2,0,0
6119,09:22:00,09:23:00,287,3,0,0
6119,09:25:00,09:26:00,398,4,0,0
6119,09:29:00,09:29:00,352,5,0,0
6119,09:31:00,09:32:00,310,6,0,0
6119,09:37:00,09:37:00,306,7,0,0
6119,09:41:00,09:42:00,282,8,0,0
6119,09:44:00,09:45:00,230,9,0,0
6119,09:47:00,09:48:00,281,10,0,0
6119,09:50:00,09:51:00,276,11,0,0
6119,09:54:00,09:54:00,258,12,0,0
6119,09:57:00,09:57:00,451,13,0,0
6119,09:59:00,10:00:00,449,14,0,0
6119,10:02:00,10:03:00,452,15,0,0
6119,10:06:00,10:07:00,385,16,0,0
6119,10:09:00,10:09:00,501,17,0,0
6119,10:11:00,10:11:00,382,18,0,0
6119,10:13:00,10:14:00,225,19,0,0
6119,10:16:00,10:17:00,400,20,0,0
6119,10:23:00,10:23:00,1,21,0,0
861,09:24:00,09:24:00,432,1,0,0
861,09:38:00,09:39:00,309,2,0,0
861,09:46:00,09:46:00,323,3,0,0
861,09:53:00,09:54:00,233,4,0,0
861,10:02:00,10:03:00,206,5,0,0
861,10:09:00,10:09:00,324,6,0,0
861,10:14:00,10:15:00,297,7,0,0
861,10:24:00,10:24:00,301,8,0,0
861,10:33:00,10:34:00,408,9,0,0
861,10:41:00,10:42:00,256,10,0,0
861,10:46:00,10:46:00,307,11,0,0
861,10:52:00,10:52:00,433,12,0,0
861,11:02:00,11:02:00,374,13,0,0
861,11:12:00,11:12:00,362,14,0,0
861,11:15:00,11:16:00,540,15,0,0
861,11:19:00,11:19:00,238,16,0,0
861,11:25:00,11:26:00,400,17,0,0
861,11:36:00,11:36:00,1,18,0,0
831,09:29:00,09:29:00,408,1,0,0
831,09:38:00,09:38:00,256,2,0,0
831,09:42:00,09:43:00,307,3,0,0
831,09:49:00,09:49:00,433,4,0,0
831,09:55:00,09:55:00,271,5,0,0
831,10:02:00,10:02:00,374,6,0,0
831,10:12:00,10:12:00,362,7,0,0
831,10:15:00,10:16:00,540,8,0,0
831,10:19:00,10:19:00,238,9,0,0
831,10:25:00,10:26:00,400,10,0,0
831,10:36:00,10:36:00,1,11,0,0
872,09:30:00,09:30:00,1,1,0,0
872,09:38:00,09:39:00,400,2,0,0
872,09:43:00,09:44:00,238,3,0,0
872,09:47:00,09:47:00,540,4,0,0
872,09:51:00,09:51:00,362,5,0,0
872,10:01:00,10:02:00,374,6,0,0
872,10:09:00,10:10:00,271,7,0,0
872,10:16:00,10:16:00,433,8,0,0
872,10:23:00,10:23:00,307,9,0,0
872,10:27:00,10:28:00,256,10,0,0
872,10:37:00,10:38:00,408,11,0,0
872,10:48:00,10:48:00,301,12,0,0
872,10:57:00,10:57:00,297,13,0,0
872,11:07:00,11:08:00,206,14,0,0
872,11:16:00,11:17:00,233,15,0,0
872,11:23:00,11:23:00,323,16,0,0
872,11:31:00,11:31:00,309,17,0,0
872,11:44:00,11:45:00,432,18,0,0
872,12:00:00,12:01:00,419,19,0,0
872,12:18:00,12:18:00,312,20,0,0
872,12:24:00,12:24:00,460,21,0,0
6509,09:30:00,09:30:00,1,1,0,0
6509,09:33:00,09:34:00,386,2,0,0
6509,09:38:00,09:39:00,391,3,0,0
6509,09:40:00,09:41:00,248,4,0,0
6509,09:42:00,09:43:00,392,5,0,0
6509,09:44:00,09:45:00,305,6,0,0
6509,09:48:00,09:48:00,213,7,0,0
6509,09:52:00,09:52:00,358,8,0,0
6509,09:54:00,09:55:00,296,9,0,0
6509,09:56:00,09:57:00,229,10,0,0
6509,09:59:00,10:00:00,255,11,0,0
6509,10:01:00,10:02:00,316,12,0,0
6509,10:04:00,10:05:00,252,13,0,0
6509,10:07:00,10:08:00,336,14,0,0
6509,10:09:00,10:10:00,359,15,0,0
6509,10:12:00,10:12:00,322,16,0,0
6509,10:14:00,10:14:00,207,17,0,0
6509,10:16:00,10:16:00,393,18,0,0
6509,10:20:00,10:21:00,394,19,0,0
6509,10:25:00,10:26:00,275,20,0,0
6509,10:29:00,10:32:00,286,21,0,0
6509,10:38:00,10:39:00,395,22,0,0
6509,10:44:00,10:44:00,328,23,0,0
6509,10:48:00,10:49:00,396,24,0,0
6509,10:53:00,10:53:00,397,25,0,0
6715,09:35:00,09:35:00,1,1,0,0
6715,09:39:00,09:39:00,386,2,0,0
6715,09:41:00,09:42:00,500,3,0,0
6715,09:44:00,09:44:00,387,4,0,0
6715,09:47:00,09:47:00,388,5,0,0
6715,09:50:00,09:51:00,520,6,0,0
6715,09:55:00,09:55:00,346,7,0,0
6715,09:59:00,10:01:00,340,8,0,0
6715,10:06:00,10:07:00,239,9,0,0
6715,10:10:00,10:11:00,232,10,0,0
6715,10:13:00,10:14:00,342,11,0,0
6715,10:17:00,10:18:00,237,12,0,0
6715,10:22:00,10:22:00,349,13,0,0
6118,09:38:00,09:38:00,1,1,0,0
6118,09:44:00,09:45:00,400,2,0,0
6118,09:47:00,09:47:00,225,3,0,0
6118,09:49:00,09:50:00,382,4,0,0
6118,09:51:00,09:52:00,501,5,0,0
6118,09:54:00,09:54:00,385,6,0,0
6118,09:57:00,09:58:00,452,7,0,0
6118,10:01:00,10:01:00,449,8,0,0
6118,10:03:00,10:04:00,451,9,0,0
6118,10:06:00,10:07:00,258,10,0,0
6118,10:10:00,10:10:00,276,11,0,0
6118,10:13:00,10:13:00,281,12,0,0
6118,10:16:00,10:17:00,230,13,0,0
6118,10:19:00,10:19:00,282,14,0,0
6118,10:23:00,10:24:00,306,15,0,0
6118,10:29:00,10:30:00,310,16,0,0
6118,10:32:00,10:32:00,352,17,0,0
6118,10:36:00,10:36:00,398,18,0,0
6222,09:39:00,09:39:00,1,1,0,0
6222,09:44:00,09:44:00,450,2,0,0
6222,09:48:00,09:49:00,331,3,0,0
6222,09:50:00,09:51:00,245,4,0,0
6222,09:52:00,09:53:00,421,5,0,0
6222,09:58:00,09:59:00,250,6,0,0
6222,10:00:00,10:01:00,380,7,0,0
6222,10:05:00,10:06:00,384,8,0,0
6222,10:09:00,10:10:00,299,9,0,0
6222,10:14:00,10:14:00,343,10,0,0
6222,10:16:00,10:17:00,339,11,0,0
6222,10:18:00,10:19:00,354,12,0,0
6222,10:22:00,10:22:00,235,13,0,0
6222,10:26:00,10:27:00,283,14,0,0
6222,10:31:00,10:32:00,298,15,0,0
6222,10:36:00,10:36:00,367,16,0,0
6222,10:40:00,10:41:00,364,17,0,0
6222,10:47:00,10:47:00,412,18,0,0
6222,10:52:00,10:52:00,330,19,0,0
6222,10:57:00,10:57:00,203,20,0,0
6720,09:39:00,09:39:00,349,1,0,0
6720,09:42:00,09:43:00,237,2,0,0
6720,09:47:00,09:47:00,342,3,0,0
6720,09:50:00,09:50:00,232,4,0,0
6720,09:54:00,09:55:00,239,5,0,0
6720,09:59:00,10:01:00,340,6,0,0
6720,10:04:00,10:05:00,346,7,0,0
6720,10:09:00,10:09:00,520,8,0,0
6720,10:12:00,10:13:00,388,9,0,0
6720,10:15:00,10:16:00,387,10,0,0
6720,10:17:00,10:18:00,500,11,0,0
6720,10:20:00,10:21:00,386,12,0,0
6720,10:25:00,10:25:00,1,13,0,0
6413,10:00:00,10:00:00,1,1,0,0
6413,10:03:00,10:04:00,386,2,0,0
6413,10:08:00,10:09:00,391,3,0,0
6413,10:10:00,10:11:00,248,4,0,0
6413,10:12:00,10:13:00,392,5,0,0
6413,10:14:00,10:15:00,305,6,0,0
6413,10:18:00,10:18:00,213,7,0,0
6413,10:22:00,10:22:00,358,8,0,0
6413,10:24:00,10:25:00,296,9,0,0
6413,10:26:00,10:27:00,229,10,0,0
6413,10:29:00,10:30:00,255,11,0,0
6413,10:31:00,10:32:00,316,12,0,0
6413,10:34:00,10:35:00,252,13,0,0
6413,10:37:00,10:38:00,336,14,0,0
6413,10:39:00,10:40:00,359,15,0,0
6413,10:42:00,10:42:00,322,16,0,0
6413,10:44:00,10:44:00,207,17,0,0
6413,10:46:00,10:46:00,393,18,0,0
6413,10:50:00,10:50:00,394,19,0,0
702,10:01:00,10:01:00,1,1,0,0
702,10:31:00,10:32:00,339,2,0,0
702,11:04:00,11:05:00,203,3,0,0
702,11:15:00,11:16:00,267,4,0,0
702,11:32:00,11:33:00,357,5,0,0
702,11:47:00,11:48:00,273,6,0,0
702,12:09:00,12:10:00,308,7,0,0
702,12:31:00,12:32:00,335,8,0,0
702,12:55:00,12:55:00,243,9,0,0
6518,10:09:00,10:09:00,397,1,0,0
6518,10:13:00,10:14:00,396,2,0,0
6518,10:17:00,10:18:00,328,3,0,0
6518,10:23:00,10:23:00,395,4,0,0
6518,10:30:00,10:30:00,286,5,0,0
6518,10:33:00,10:34:00,275,6,0,0
6518,10:38:00,10:39:00,394,7,0,0
6518,10:43:00,10:43:00,393,8,0,0
6518,10:45:00,10:45:00,207,9,0,0
6518,10:47:00,10:47:00,322,10,0,0
6518,10:49:00,10:49:00,359,11,0,0
6518,10:51:00,10:51:00,336,12,0,0
6518,10:53:00,10:54:00,252,13,0,0
6518,10:56:00,10:57:00,316,14,0,0
6518,10:59:00,10:59:00,255,15,0,0
6518,11:01:00,11:02:00,229,16,0,0
6518,11:04:00,11:04:00,296,17,0,0
6518,11:06:00,11:07:00,358,18,0,0
6518,11:10:00,11:11:00,213,19,0,0
6518,11:13:00,11:14:00,305,20,0,0
6518,11:16:00,11:16:00,392,21,0,0
6518,11:18:00,11:18:00,248,22,0,0
6518,11:20:00,11:21:00,391,23,0,0
6518,11:25:00,11:25:00,386,24,0,0
6518,11:29:00,11:29:00,1,25,0,0
6412,10:09:00,10:09:00,394,1,0,0
6412,10:13:00,10:13:00,393,2,0,0
6412,10:15:00,10:15:00,207,3,0,0
6412,10:17:00,10:17:00,322,4,0,0
6412,10:19:00,10:19:00,359,5,0,0
6412,10:21:00,10:21:00,336,6,0,0
6412,10:23:00,10:24:00,252,7,0,0
6412,10:26:00,10:27:00,316,8,0,0
6412,10:29:00,10:29:00,255,9,0,0
6412,10:31:00,10:32:00,229,10,0,0
6412,10:34:00,10:34:00,296,11,0,0
6412,10:36:00,10:37:00,358,12,0,0
6412,10:40:00,10:41:00,213,13,0,0
6412,10:43:00,10:44:00,305,14,0,0
6412,10:46:00,10:46:00,392,15,0,0
6412,10:48:00,10:48:00,248,16,0,0
6412,10:50:00,10:51:00,391,17,0,0
6412,10:55:00,10:55:00,386,18,0,0
6412,10:59:00,10:59:00,1,19,0,0
6225,10:10:00,10:10:00,339,1,0,0
6225,10:12:00,10:12:00,343,2,0,0
6225,10:16:00,10:17:00,299,3,0,0
6225,10:20:00,10:21:00,384,4,0,0
6225,10:25:00,10:26:00,380,5,0,0
6225,10:27:00,10:28:00,250,6,0,0
6225,10:30:00,10:31:00,241,7,0,0
6225,10:32:00,10:33:00,377,8,0,0
6225,10:34:00,10:35:00,274,9,0,0
6225,10:36:00,10:37:00,421,10,0,0
6225,10:38:00,10:39:00,245,11,0,0
6225,10:40:00,10:41:00,331,12,0,0
6225,10:45:00,10:46:00,450,13,0,0
6225,10:51:00,10:51:00,1,14,0,0
6121,10:15:00,10:15:00,230,1,0,0
6121,10:17:00,10:18:00,281,2,0,0
6121,10:20:00,10:21:00,276,3,0,0
6121,10:24:00,10:24:00,258,4,0,0
6121,10:27:00,10:27:00,451,5,0,0
6121,10:29:00,10:30:00,449,6,0,0
6121,10:32:00,10:33:00,452,7,0,0
6121,10:36:00,10:37:00,385,8,0,0
6121,10:39:00,10:39:00,501,9,0,0
6121,10:41:00,10:41:00,382,10,0,0
6121,10:43:00,10:44:00,225,11,0,0
6121,10:46:00,10:47:00,400,12,0,0
6121,10:53:00,10:53:00,1,13,0,0
6123,10:17:00,10:17:00,399,1,0,0
6123,10:20:00,10:20:00,453,2,0,0
6123,10:22:00,10:23:00,287,3,0,0
6123,10:25:00,10:26:00,398,4,0,0
6123,10:29:00,10:29:00,352,5,0,0
6123,10:31:00,10:32:00,310,6,0,0
6123,10:37:00,10:37:00,306,7,0,0
6123,10:41:00,10:42:00,282,8,0,0
6123,10:44:00,10:45:00,230,9,0,0
6123,10:47:00,10:48:00,281,10,0,0
6123,10:50:00,10:51:00,276,11,0,0
6123,10:54:00,10:54:00,258,12,0,0
6123,10:57:00,10:57:00,451,13,0,0
6123,10:59:00,11:00:00,449,14,0,0
6123,11:02:00,11:03:00,452,15,0,0
6123,11:06:00,11:07:00,385,16,0,0
6123,11:09:00,11:09:00,501,17,0,0
6123,11:11:00,11:11:00,382,18,0,0
6123,11:13:00,11:14:00,225,19,0,0
6123,11:16:00,11:17:00,400,20,0,0
6123,11:23:00,11:23:00,1,21,0,0
6227,10:27:00,10:27:00,298,1,0,0
6227,10:31:00,10:32:00,283,2,0,0
6227,10:36:00,10:36:00,235,3,0,0
6227,10:39:00,10:40:00,354,4,0,0
6227,10:42:00,10:43:00,339,5,0,0
6227,10:44:00,10:45:00,343,6,0,0
6227,10:49:00,10:49:00,299,7,0,0
6227,10:53:00,10:53:00,384,8,0,0
6227,10:57:00,10:58:00,380,9,0,0
6227,11:00:00,11:00:00,250,10,0,0
6227,11:06:00,11:07:00,421,11,0,0
6227,11:08:00,11:09:00,245,12,0,0
6227,11:10:00,11:11:00,331,13,0,0
6227,11:15:00,11:16:00,450,14,0,0
6227,11:21:00,11:21:00,1,15,0,0
6511,10:30:00,10:30:00,1,1,0,0
6511,10:33:00,10:34:00,386,2,0,0
6511,10:38:00,10:39:00,391,3,0,0
6511,10:40:00,10:41:00,248,4,0,0
6511,10:42:00,10:43:00,392,5,0,0
6511,10:44:00,10:45:00,305,6,0,0
6511,10:48:00,10:48:00,213,7,0,0
6511,10:52:00,10:52:00,358,8,0,0
6511,10:54:00,10:55:00,296,9,0,0
6511,10:56:00,10:57:00,229,10,0,0
6511,10:59:00,11:00:00,255,11,0,0
6511,11:01:00,11:02:00,316,12,0,0
6511,11:04:00,11:05:00,252,13,0,0
6511,11:07:00,11:08:00,336,14,0,0
6511,11:09:00,11:10:00,359,15,0,0
6511,11:12:00,11:12:00,322,16,0,0
6511,11:14:00,11:14:00,207,17,0,0
6511,11:16:00,11:16:00,393,18,0,0
6511,11:20:00,11:21:00,394,19,0,0
6511,11:25:00,11:26:00,275,20,0,0
6511,11:30:00,11:30:00,286,21,0,0
6229,10:30:00,10:30:00,203,1,0,0
6229,10:34:00,10:34:00,330,2,0,0
6229,10:38:00,10:39:00,412,3,0,0
6229,10:45:00,10:45:00,364,4,0,0
6229,10:49:00,10:50:00,367,5,0,0
6229,10:54:00,10:55:00,298,6,0,0
6229,10:59:00,10:59:00,283,7,0,0
6229,11:03:00,11:04:00,235,8,0,0
6229,11:07:00,11:08:00,354,9,0,0
6229,11:09:00,11:10:00,339,10,0,0
6229,11:12:00,11:12:00,343,11,0,0
6229,11:16:00,11:17:00,299,12,0,0
6229,11:20:00,11:21:00,384,13,0,0
6229,11:25:00,11:26:00,380,14,0,0
6229,11:27:00,11:28:00,250,15,0,0
6229,11:30:00,11:31:00,241,16,0,0
6229,11:32:00,11:33:00,377,17,0,0
6229,11:34:00,11:35:00,274,18,0,0
6229,11:36:00,11:37:00,421,19,0,0
6229,11:38:00,11:39:00,245,20,0,0
6229,11:40:00,11:41:00,331,21,0,0
6229,11:45:00,11:46:00,450,22,0,0
6229,11:51:00,11:51:00,1,23,0,0
6717,10:35:00,10:35:00,1,1,0,0
6717,10:39:00,10:39:00,386,2,0,0
6717,10:41:00,10:42:00,500,3,0,0
6717,10:44:00,10:44:00,387,4,0,0
6717,10:47:00,10:47:00,388,5,0,0
6717,10:50:00,10:51:00,520,6,0,0
6717,10:55:00,10:55:00,346,7,0,0
6717,10:59:00,11:00:00,340,8,0,0
6717,11:05:00,11:06:00,239,9,0,0
6717,11:09:00,11:12:00,232,10,0,0
6717,11:14:00,11:15:00,342,11,0,0
6717,11:18:00,11:19:00,237,12,0,0
6717,11:23:00,11:23:00,349,13,0,0
6122,10:38:00,10:38:00,1,1,0,0
6122,10:44:00,10:45:00,400,2,0,0
6122,10:47:00,10:47:00,225,3,0,0
6122,10:49:00,10:50:00,382,4,0,0
6122,10:51:00,10:52:00,501,5,0,0
6122,10:54:00,10:54:00,385,6,0,0
6122,10:57:00,10:58:00,452,7,0,0
6122,11:01:00,11:01:00,449,8,0,0
6122,11:03:00,11:04:00,451,9,0,0
6122,11:06:00,11:07:00,258,10,0,0
6122,11:10:00,11:10:00,276,11,0,0
6122,11:13:00,11:13:00,281,12,0,0
6122,11:16:00,11:17:00,230,13,0,0
6122,11:19:00,11:19:00,282,14,0,0
6122,11:23:00,11:24:00,306,15,0,0
6122,11:29:00,11:30:00,310,16,0,0
6122,11:32:00,11:32:00,352,17,0,0
6122,11:36:00,11:37:00,398,18,0,0
6122,11:39:00,11:39:00,287,19,0,0
6122,11:41:00,11:42:00,453,20,0,0
6122,11:45:00,11:45:00,399,21,0,0
6722,10:39:00,10:39:00,349,1,0,0
6722,10:42:00,10:43:00,237,2,0,0
6722,10:47:00,10:47:00,342,3,0,0
6722,10:50:00,10:50:00,232,4,0,0
6722,10:54:00,10:55:00,239,5,0,0
6722,10:59:00,11:01:00,340,6,0,0
6722,11:04:00,11:05:00,346,7,0,0
6722,11:09:00,11:09:00,520,8,0,0
6722,11:12:00,11:13:00,388,9,0,0
6722,11:15:00,11:16:00,387,10,0,0
6722,11:17:00,11:18:00,500,11,0,0
6722,11:20:00,11:21:00,386,12,0,0
6722,11:25:00,11:25:00,1,13,0,0
6224,10:39:00,10:39:00,1,1,0,0
6224,10:44:00,10:44:00,450,2,0,0
6224,10:48:00,10:49:00,331,3,0,0
6224,10:50:00,10:51:00,245,4,0,0
6224,10:52:00,10:53:00,421,5,0,0
6224,10:54:00,10:55:00,274,6,0,0
6224,10:56:00,10:57:00,377,7,0,0
6224,10:58:00,10:59:00,241,8,0,0
6224,11:02:00,11:02:00,250,9,0,0
6224,11:04:00,11:05:00,380,10,0,0
6224,11:09:00,11:09:00,384,11,0,0
6224,11:13:00,11:13:00,299,12,0,0
6224,11:17:00,11:18:00,343,13,0,0
6224,11:19:00,11:20:00,339,14,0,0
6224,11:22:00,11:22:00,354,15,0,0
6224,11:25:00,11:26:00,235,16,0,0
6224,11:30:00,11:30:00,283,17,0,0
6224,11:35:00,11:35:00,298,18,0,0
801,10:52:00,10:52:00,243,1,0,0
801,11:15:00,11:15:00,335,2,0,0
801,11:35:00,11:36:00,308,3,0,0
801,12:05:00,12:06:00,273,4,0,0
801,12:20:00,12:21:00,357,5,0,0
801,12:36:00,12:37:00,267,6,0,0
801,12:47:00,12:48:00,203,7,0,0
801,12:57:00,12:58:00,412,8,0,0
801,13:13:00,13:14:00,298,9,0,0
801,13:26:00,13:27:00,339,10,0,0
801,13:49:00,13:50:00,331,11,0,0
801,13:59:00,13:59:00,1,12,0,0
6415,11:00:00,11:00:00,1,1,0,0
6415,11:03:00,11:04:00,386,2,0,0
6415,11:08:00,11:09:00,391,3,0,0
6415,11:10:00,11:11:00,248,4,0,0
6415,11:12:00,11:13:00,392,5,0,0
6415,11:14:00,11:15:00,305,6,0,0
6415,11:18:00,11:18:00,213,7,0,0
6415,11:22:00,11:22:00,358,8,0,0
6415,11:24:00,11:25:00,296,9,0,0
6415,11:26:00,11:27:00,229,10,0,0
6415,11:29:00,11:30:00,255,11,0,0
6415,11:31:00,11:32:00,316,12,0,0
6415,11:34:00,11:35:00,252,13,0,0
6415,11:37:00,11:38:00,336,14,0,0
6415,11:39:00,11:40:00,359,15,0,0
6415,11:42:00,11:42:00,322,16,0,0
6415,11:44:00,11:44:00,207,17,0,0
6415,11:46:00,11:46:00,393,18,0,0
6415,11:50:00,11:50:00,394,19,0,0
834,11:00:00,11:00:00,1,1,0,0
834,11:08:00,11:09:00,400,2,0,0
834,11:13:00,11:14:00,238,3,0,0
834,11:17:00,11:17:00,540,4,0,0
834,11:21:00,11:21:00,362,5,0,0
834,11:31:00,11:32:00,374,6,0,0
834,11:39:00,11:40:00,271,7,0,0
834,11:46:00,11:46:00,433,8,0,0
834,11:53:00,11:53:00,307,9,0,0
834,11:57:00,11:58:00,256,10,0,0
834,12:08:00,12:08:00,408,11,0,0
6520,11:09:00,11:09:00,397,1,0,0
6520,11:13:00,11:14:00,396,2,0,0
6520,11:17:00,11:18:00,328,3,0,0
6520,11:23:00,11:23:00,395,4,0,0
6520,11:30:00,11:30:00,286,5,0,0
6520,11:33:00,11:34:00,275,6,0,0
6520,11:38:00,11:39:00,394,7,0,0
6520,11:43:00,11:43:00,393,8,0,0
6520,11:45:00,11:45:00,207,9,0,0
6520,11:47:00,11:47:00,322,10,0,0
6520,11:49:00,11:49:00,359,11,0,0
6520,11:51:00,11:51:00,336,12,0,0
6520,11:53:00,11:54:00,252,13,0,0
6520,11:56:00,11:57:00,316,14,0,0
6520,11:59:00,11:59:00,255,15,0,0
6520,12:01:00,12:02:00,229,16,0,0
6520,12:04:00,12:04:00,296,17,0,0
6520,12:06:00,12:07:00,358,18,0,0
6520,12:10:00,12:11:00,213,19,0,0
6520,12:13:00,12:14:00,305,20,0,0
6520,12:16:00,12:16:00,392,21,0,0
6520,12:18:00,12:18:00,248,22,0,0
6520,12:20:00,12:21:00,391,23,0,0
6520,12:25:00,12:25:00,386,24,0,0
6520,12:29:00,12:29:00,1,25,0,0
6414,11:09:00,11:09:00,394,1,0,0
6414,11:13:00,11:13:00,393,2,0,0
6414,11:15:00,11:15:00,207,3,0,0
6414,11:17:00,11:17:00,322,4,0,0
6414,11:19:00,11:19:00,359,5,0,0
6414,11:21:00,11:21:00,336,6,0,0
6414,11:23:00,11:24:00,252,7,0,0
6414,11:26:00,11:27:00,316,8,0,0
6414,11:29:00,11:29:00,255,9,0,0
6414,11:31:00,11:32:00,229,10,0,0
6414,11:34:00,11:34:00,296,11,0,0
6414,11:36:00,11:37:00,358,12,0,0
6414,11:40:00,11:41:00,213,13,0,0
6414,11:43:00,11:44:00,305,14,0,0
6414,11:46:00,11:46:00,392,15,0,0
6414,11:48:00,11:48:00,248,16,0,0
6414,11:50:00,11:51:00,391,17,0,0
6414,11:55:00,11:55:00,386,18,0,0
6414,11:59:00,11:59:00,1,19,0,0
6127,11:26:00,11:26:00,398,1,0,0
6127,11:29:00,11:29:00,352,2,0,0
6127,11:31:00,11:32:00,310,3,0,0
6127,11:37:00,11:37:00,306,4,0,0
6127,11:41:00,11:42:00,282,5,0,0
6127,11:44:00,11:45:00,230,6,0,0
6127,11:47:00,11:48:00,281,7,0,0
6127,11:50:00,11:51:00,276,8,0,0
6127,11:54:00,11:54:00,258,9,0,0
6127,11:57:00,11:57:00,451,10,0,0
6127,11:59:00,12:00:00,449,11,0,0
6127,12:02:00,12:03:00,452,12,0,0
6127,12:06:00,12:07:00,385,13,0,0
6127,12:09:00,12:09:00,501,14,0,0
6127,12:11:00,12:11:00,382,15,0,0
6127,12:13:00,12:14:00,225,16,0,0
6127,12:16:00,12:17:00,400,17,0,0
6127,12:23:00,12:23:00,1,18,0,0
6231,11:30:00,11:30:00,203,1,0,0
6231,11:34:00,11:34:00,330,2,0,0
6231,11:38:00,11:39:00,412,3,0,0
6231,11:45:00,11:45:00,364,4,0,0
6231,11:49:00,11:50:00,367,5,0,0
6231,11:54:00,11:55:00,298,6,0,0
6231,11:59:00,11:59:00,283,7,0,0
6231,12:03:00,12:04:00,235,8,0,0
6231,12:07:00,12:08:00,354,9,0,0
6231,12:09:00,12:10:00,339,10,0,0
6231,12:12:00,12:12:00,343,11,0,0
6231,12:16:00,12:17:00,299,12,0,0
6231,12:20:00,12:21:00,384,13,0,0
6231,12:25:00,12:26:00,380,14,0,0
6231,12:27:00,12:28:00,250,15,0,0
6231,12:30:00,12:31:00,241,16,0,0
6231,12:32:00,12:33:00,377,17,0,0
6231,12:34:00,12:35:00,274,18,0,0
6231,12:36:00,12:37:00,421,19,0,0
6231,12:38:00,12:39:00,245,20,0,0
6231,12:40:00,12:41:00,331,21,0,0
6231,12:45:00,12:46:00,450,22,0,0
6231,12:51:00,12:51:00,1,23,0,0
6513,11:30:00,11:30:00,1,1,0,0
6513,11:33:00,11:34:00,386,2,0,0
6513,11:38:00,11:39:00,391,3,0,0
6513,11:40:00,11:41:00,248,4,0,0
6513,11:42:00,11:43:00,392,5,0,0
6513,11:44:00,11:45:00,305,6,0,0
6513,11:48:00,11:48:00,213,7,0,0
6513,11:52:00,11:52:00,358,8,0,0
6513,11:54:00,11:55:00,296,9,0,0
6513,11:56:00,11:57:00,229,10,0,0
6513,11:59:00,12:00:00,255,11,0,0
6513,12:01:00,12:02:00,316,12,0,0
6513,12:04:00,12:05:00,252,13,0,0
6513,12:07:00,12:08:00,336,14,0,0
6513,12:09:00,12:10:00,359,15,0,0
6513,12:12:00,12:12:00,322,16,0,0
6513,12:14:00,12:14:00,207,17,0,0
6513,12:16:00,12:16:00,393,18,0,0
6513,12:20:00,12:21:00,394,19,0,0
6513,12:25:00,12:26:00,275,20,0,0
6513,12:29:00,12:32:00,286,21,0,0
6513,12:38:00,12:39:00,395,22,0,0
6513,12:44:00,12:44:00,328,23,0,0
6513,12:48:00,12:49:00,396,24,0,0
6513,12:53:00,12:53:00,397,25,0,0
6719,11:35:00,11:35:00,1,1,0,0
6719,11:39:00,11:39:00,386,2,0,0
6719,11:41:00,11:42:00,500,3,0,0
6719,11:44:00,11:44:00,387,4,0,0
6719,11:47:00,11:47:00,388,5,0,0
6719,11:50:00,11:51:00,520,6,0,0
6719,11:55:00,11:55:00,346,7,0,0
6719,11:59:00,12:01:00,340,8,0,0
6719,12:06:00,12:07:00,239,9,0,0
6719,12:10:00,12:11:00,232,10,0,0
6719,12:13:00,12:14:00,342,11,0,0
6719,12:17:00,12:18:00,237,12,0,0
6719,12:22:00,12:22:00,349,13,0,0
6126,11:38:00,11:38:00,1,1,0,0
6126,11:44:00,11:45:00,400,2,0,0
6126,11:47:00,11:47:00,225,3,0,0
6126,11:49:00,11:50:00,382,4,0,0
6126,11:51:00,11:52:00,501,5,0,0
6126,11:54:00,11:54:00,385,6,0,0
6126,11:57:00,11:58:00,452,7,0,0
6126,12:01:00,12:01:00,449,8,0,0
6126,12:03:00,12:04:00,451,9,0,0
6126,12:06:00,12:07:00,258,10,0,0
6126,12:10:00,12:10:00,276,11,0,0
6126,12:13:00,12:13:00,281,12,0,0
6126,12:16:00,12:17:00,230,13,0,0
6126,12:19:00,12:19:00,282,14,0,0
6126,12:23:00,12:24:00,306,15,0,0
6126,12:29:00,12:30:00,310,16,0,0
6126,12:32:00,12:32:00,352,17,0,0
6126,12:36:00,12:36:00,398,18,0,0
6724,11:39:00,11:39:00,349,1,0,0
6724,11:42:00,11:43:00,237,2,0,0
6724,11:47:00,11:47:00,342,3,0,0
6724,11:50:00,11:50:00,232,4,0,0
6724,11:54:00,11:55:00,239,5,0,0
6724,11:59:00,12:01:00,340,6,0,0
6724,12:04:00,12:05:00,346,7,0,0
6724,12:09:00,12:09:00,520,8,0,0
6724,12:12:00,12:13:00,388,9,0,0
6724,12:15:00,12:16:00,387,10,0,0
6724,12:17:00,12:18:00,500,11,0,0
6724,12:20:00,12:21:00,386,12,0,0
6724,12:25:00,12:25:00,1,13,0,0
6226,11:39:00,11:39:00,1,1,0,0
6226,11:44:00,11:44:00,450,2,0,0
6226,11:48:00,11:49:00,331,3,0,0
6226,11:50:00,11:51:00,245,4,0,0
6226,11:52:00,11:53:00,421,5,0,0
6226,11:58:00,11:59:00,250,6,0,0
6226,12:00:00,12:01:00,380,7,0,0
6226,12:05:00,12:06:00,384,8,0,0
6226,12:09:00,12:10:00,299,9,0,0
6226,12:14:00,12:14:00,343,10,0,0
6226,12:16:00,12:17:00,339,11,0,0
6226,12:18:00,12:19:00,354,12,0,0
6226,12:22:00,12:22:00,235,13,0,0
6226,12:26:00,12:27:00,283,14,0,0
6226,12:31:00,12:32:00,298,15,0,0
6226,12:36:00,12:36:00,367,16,0,0
6226,12:40:00,12:41:00,364,17,0,0
6226,12:47:00,12:47:00,412,18,0,0
6226,12:52:00,12:52:00,330,19,0,0
6226,12:57:00,12:57:00,203,20,0,0
874,11:45:00,11:45:00,1,1,0,0
874,11:53:00,11:54:00,400,2,0,0
874,12:01:00,12:01:00,362,3,0,0
874,12:22:00,12:22:00,307,4,0,0
874,12:32:00,12:33:00,408,5,0,0
874,12:42:00,12:42:00,301,6,0,0
874,13:03:00,13:04:00,233,7,0,0
874,13:16:00,13:16:00,309,8,0,0
874,13:28:00,13:29:00,432,9,0,0
874,13:43:00,13:43:00,419,10,0,0
874,13:59:00,14:00:00,312,11,0,0
874,14:05:00,14:05:00,460,12,0,0
6417,12:00:00,12:00:00,1,1,0,0
6417,12:03:00,12:04:00,386,2,0,0
6417,12:08:00,12:09:00,391,3,0,0
6417,12:10:00,12:11:00,248,4,0,0
6417,12:12:00,12:13:00,392,5,0,0
6417,12:14:00,12:15:00,305,6,0,0
6417,12:18:00,12:18:00,213,7,0,0
6417,12:22:00,12:22:00,358,8,0,0
6417,12:24:00,12:25:00,296,9,0,0
6417,12:26:00,12:27:00,229,10,0,0
6417,12:29:00,12:30:00,255,11,0,0
6417,12:31:00,12:32:00,316,12,0,0
6417,12:34:00,12:35:00,252,13,0,0
6417,12:37:00,12:38:00,336,14,0,0
6417,12:39:00,12:40:00,359,15,0,0
6417,12:42:00,12:42:00,322,16,0,0
6417,12:44:00,12:44:00,207,17,0,0
6417,12:46:00,12:46:00,393,18,0,0
6417,12:50:00,12:50:00,394,19,0,0
704,12:01:00,12:01:00,1,1,0,0
704,12:31:00,12:32:00,339,2,0,0
704,13:04:00,13:05:00,203,3,0,0
704,13:27:00,13:28:00,357,4,0,0
704,13:42:00,13:44:00,273,5,0,0
704,14:29:00,14:29:00,441,6,0,0
704,14:48:00,14:50:00,372,7,0,0
704,15:10:00,15:10:00,311,8,0,0
6416,12:09:00,12:09:00,394,1,0,0
6416,12:13:00,12:13:00,393,2,0,0
6416,12:15:00,12:15:00,207,3,0,0
6416,12:17:00,12:17:00,322,4,0,0
6416,12:19:00,12:19:00,359,5,0,0
6416,12:21:00,12:21:00,336,6,0,0
6416,12:23:00,12:24:00,252,7,0,0
6416,12:26:00,12:27:00,316,8,0,0
6416,12:29:00,12:29:00,255,9,0,0
6416,12:31:00,12:32:00,229,10,0,0
6416,12:34:00,12:34:00,296,11,0,0
6416,12:36:00,12:37:00,358,12,0,0
6416,12:40:00,12:41:00,213,13,0,0
6416,12:43:00,12:44:00,305,14,0,0
6416,12:46:00,12:46:00,392,15,0,0
6416,12:48:00,12:48:00,248,16,0,0
6416,12:50:00,12:51:00,391,17,0,0
6416,12:55:00,12:55:00,386,18,0,0
6416,12:59:00,12:59:00,1,19,0,0
6131,12:17:00,12:17:00,399,1,0,0
6131,12:20:00,12:20:00,453,2,0,0
6131,12:22:00,12:23:00,287,3,0,0
6131,12:25:00,12:26:00,398,4,0,0
6131,12:29:00,12:29:00,352,5,0,0
6131,12:31:00,12:32:00,310,6,0,0
6131,12:37:00,12:37:00,306,7,0,0
6131,12:41:00,12:42:00,282,8,0,0
6131,12:44:00,12:45:00,230,9,0,0
6131,12:47:00,12:48:00,281,10,0,0
6131,12:50:00,12:51:00,276,11,0,0
6131,12:54:00,12:54:00,258,12,0,0
6131,12:57:00,12:57:00,451,13,0,0
6131,12:59:00,13:00:00,449,14,0,0
6131,13:02:00,13:03:00,452,15,0,0
6131,13:06:00,13:07:00,385,16,0,0
6131,13:09:00,13:09:00,501,17,0,0
6131,13:11:00,13:11:00,382,18,0,0
6131,13:13:00,13:14:00,225,19,0,0
6131,13:16:00,13:17:00,400,20,0,0
6131,13:23:00,13:23:00,1,21,0,0
833,12:29:00,12:29:00,408,1,0,0
833,12:38:00,12:38:00,256,2,0,0
833,12:42:00,12:43:00,307,3,0,0
833,12:49:00,12:49:00,433,4,0,0
833,12:55:00,12:55:00,271,5,0,0
833,13:02:00,13:02:00,374,6,0,0
833,13:12:00,13:12:00,362,7,0,0
833,13:15:00,13:16:00,540,8,0,0
833,13:19:00,13:19:00,238,9,0,0
833,13:25:00,13:26:00,400,10,0,0
833,13:36:00,13:36:00,1,11,0,0
836,12:30:00,12:30:00,1,1,0,0
836,12:38:00,12:39:00,400,2,0,0
836,12:43:00,12:44:00,238,3,0,0
836,12:47:00,12:47:00,540,4,0,0
836,12:51:00,12:51:00,362,5,0,0
836,13:01:00,13:02:00,374,6,0,0
836,13:09:00,13:10:00,271,7,0,0
836,13:16:00,13:16:00,433,8,0,0
836,13:23:00,13:23:00,307,9,0,0
836,13:27:00,13:28:00,256,10,0,0
836,13:38:00,13:38:00,408,11,0,0
6515,12:30:00,12:30:00,1,1,0,0
6515,12:33:00,12:34:00,386,2,0,0
6515,12:38:00,12:39:00,391,3,0,0
6515,12:40:00,12:41:00,248,4,0,0
6515,12:42:00,12:43:00,392,5,0,0
6515,12:44:00,12:45:00,305,6,0,0
6515,12:48:00,12:48:00,213,7,0,0
6515,12:52:00,12:52:00,358,8,0,0
6515,12:54:00,12:55:00,296,9,0,0
6515,12:56:00,12:57:00,229,10,0,0
6515,12:59:00,13:00:00,255,11,0,0
6515,13:01:00,13:02:00,316,12,0,0
6515,13:04:00,13:05:00,252,13,0,0
6515,13:07:00,13:08:00,336,14,0,0
6515,13:09:00,13:10:00,359,15,0,0
6515,13:12:00,13:12:00,322,16,0,0
6515,13:14:00,13:14:00,207,17,0,0
6515,13:16:00,13:16:00,393,18,0,0
6515,13:20:00,13:21:00,394,19,0,0
6515,13:25:00,13:26:00,275,20,0,0
6515,13:29:00,13:32:00,286,21,0,0
6515,13:38:00,13:39:00,395,22,0,0
6515,13:44:00,13:44:00,328,23,0,0
6515,13:48:00,13:49:00,396,24,0,0
6515,13:53:00,13:53:00,397,25,0,0
6522,12:30:00,12:30:00,286,1,0,0
6522,12:33:00,12:34:00,275,2,0,0
6522,12:38:00,12:39:00,394,3,0,0
6522,12:43:00,12:43:00,393,4,0,0
6522,12:45:00,12:45:00,207,5,0,0
6522,12:47:00,12:47:00,322,6,0,0
6522,12:49:00,12:49:00,359,7,0,0
6522,12:51:00,12:51:00,336,8,0,0
6522,12:53:00,12:54:00,252,9,0,0
6522,12:56:00,12:57:00,316,10,0,0
6522,12:59:00,12:59:00,255,11,0,0
6522,13:01:00,13:02:00,229,12,0,0
6522,13:04:00,13:04:00,296,13,0,0
6522,13:06:00,13:07:00,358,14,0,0
6522,13:10:00,13:11:00,213,15,0,0
6522,13:13:00,13:14:00,305,16,0,0
6522,13:16:00,13:16:00,392,17,0,0
6522,13:18:00,13:18:00,248,18,0,0
6522,13:20:00,13:21:00,391,19,0,0
6522,13:25:00,13:25:00,386,20,0,0
6522,13:29:00,13:29:00,1,21,0,0
810,12:31:00,12:31:00,1,1,0,0
810,12:40:00,12:41:00,331,2,0,0
810,13:04:00,13:05:00,339,3,0,0
810,13:18:00,13:19:00,298,4,0,0
810,13:41:00,13:42:00,203,5,0,0
810,13:52:00,13:53:00,267,6,0,0
810,14:01:00,14:02:00,204,7,0,0
810,14:12:00,14:13:00,357,8,0,0
810,14:27:00,14:28:00,273,9,0,0
810,14:41:00,14:42:00,427,10,0,0
810,14:52:00,14:53:00,308,11,0,0
810,15:03:00,15:03:00,360,12,0,0
810,15:16:00,15:16:00,335,13,0,0
810,15:26:00,15:27:00,430,14,0,0
810,15:32:00,15:32:00,304,15,0,0
810,15:45:00,15:45:00,243,16,0,0
6721,12:35:00,12:35:00,1,1,0,0
6721,12:39:00,12:39:00,386,2,0,0
6721,12:41:00,12:42:00,500,3,0,0
6721,12:44:00,12:44:00,387,4,0,0
6721,12:47:00,12:47:00,388,5,0,0
6721,12:50:00,12:51:00,520,6,0,0
6721,12:55:00,12:55:00,346,7,0,0
6721,12:59:00,13:01:00,340,8,0,0
6721,13:06:00,13:07:00,239,9,0,0
6721,13:10:00,13:11:00,232,10,0,0
6721,13:13:00,13:14:00,342,11,0,0
6721,13:17:00,13:18:00,237,12,0,0
6721,13:22:00,13:22:00,349,13,0,0
6130,12:38:00,12:38:00,1,1,0,0
6130,12:44:00,12:45:00,400,2,0,0
6130,12:47:00,12:47:00,225,3,0,0
6130,12:49:00,12:50:00,382,4,0,0
6130,12:51:00,12:52:00,501,5,0,0
6130,12:54:00,12:54:00,385,6,0,0
6130,12:57:00,12:58:00,452,7,0,0
6130,13:01:00,13:01:00,449,8,0,0
6130,13:03:00,13:04:00,451,9,0,0
6130,13:06:00,13:07:00,258,10,0,0
6130,13:10:00,13:10:00,276,11,0,0
6130,13:13:00,13:13:00,281,12,0,0
6130,13:16:00,13:17:00,230,13,0,0
6130,13:19:00,13:19:00,282,14,0,0
6130,13:23:00,13:24:00,306,15,0,0
6130,13:29:00,13:30:00,310,16,0,0
6130,13:32:00,13:32:00,352,17,0,0
6130,13:36:00,13:37:00,398,18,0,0
6130,13:39:00,13:39:00,287,19,0,0
6130,13:41:00,13:42:00,453,20,0,0
6130,13:45:00,13:45:00,399,21,0,0
6726,12:39:00,12:39:00,349,1,0,0
6726,12:42:00,12:43:00,237,2,0,0
6726,12:47:00,12:47:00,342,3,0,0
6726,12:50:00,12:50:00,232,4,0,0
6726,12:54:00,12:55:00,239,5,0,0
6726,12:59:00,13:01:00,340,6,0,0
6726,13:04:00,13:05:00,346,7,0,0
6726,13:09:00,13:09:00,520,8,0,0
6726,13:12:00,13:13:00,388,9,0,0
6726,13:15:00,13:16:00,387,10,0,0
6726,13:17:00,13:18:00,500,11,0,0
6726,13:20:00,13:21:00,386,12,0,0
6726,13:25:00,13:25:00,1,13,0,0
6228,12:39:00,12:39:00,1,1,0,0
6228,12:44:00,12:44:00,450,2,0,0
6228,12:48:00,12:49:00,331,3,0,0
6228,12:50:00,12:51:00,245,4,0,0
6228,12:52:00,12:53:00,421,5,0,0
6228,12:54:00,12:55:00,274,6,0,0
6228,12:56:00,12:57:00,377,7,0,0
6228,12:58:00,12:59:00,241,8,0,0
6228,13:02:00,13:02:00,250,9,0,0
6228,13:04:00,13:05:00,380,10,0,0
6228,13:09:00,13:09:00,384,11,0,0
6228,13:13:00,13:13:00,299,12,0,0
6228,13:17:00,13:18:00,343,13,0,0
6228,13:19:00,13:20:00,339,14,0,0
6228,13:22:00,13:22:00,354,15,0,0
6228,13:25:00,13:26:00,235,16,0,0
6228,13:30:00,13:30:00,283,17,0,0
6228,13:34:00,13:35:00,298,18,0,0
6228,13:39:00,13:40:00,367,19,0,0
6228,13:44:00,13:44:00,364,20,0,0
6228,13:50:00,13:51:00,412,21,0,0
6228,13:55:00,13:56:00,330,22,0,0
6228,14:01:00,14:01:00,203,23,0,0
6233,12:54:00,12:54:00,298,1,0,0
6233,12:58:00,12:59:00,283,2,0,0
6233,13:03:00,13:03:00,235,3,0,0
6233,13:06:00,13:07:00,354,4,0,0
6233,13:09:00,13:10:00,339,5,0,0
6233,13:11:00,13:12:00,343,6,0,0
6233,13:16:00,13:16:00,299,7,0,0
6233,13:20:00,13:20:00,384,8,0,0
6233,13:24:00,13:25:00,380,9,0,0
6233,13:27:00,13:27:00,250,10,0,0
6233,13:30:00,13:30:00,241,11,0,0
6233,13:32:00,13:32:00,377,12,0,0
6233,13:34:00,13:34:00,274,13,0,0
6233,13:36:00,13:37:00,421,14,0,0
6233,13:38:00,13:39:00,245,15,0,0
6233,13:40:00,13:41:00,331,16,0,0
6233,13:45:00,13:46:00,450,17,0,0
6233,13:51:00,13:51:00,1,18,0,0
6419,13:00:00,13:00:00,1,1,0,0
6419,13:03:00,13:04:00,386,2,0,0
6419,13:08:00,13:09:00,391,3,0,0
6419,13:10:00,13:11:00,248,4,0,0
6419,13:12:00,13:13:00,392,5,0,0
6419,13:14:00,13:15:00,305,6,0,0
6419,13:18:00,13:18:00,213,7,0,0
6419,13:22:00,13:22:00,358,8,0,0
6419,13:24:00,13:25:00,296,9,0,0
6419,13:26:00,13:27:00,229,10,0,0
6419,13:29:00,13:30:00,255,11,0,0
6419,13:31:00,13:32:00,316,12,0,0
6419,13:34:00,13:35:00,252,13,0,0
6419,13:37:00,13:38:00,336,14,0,0
6419,13:39:00,13:40:00,359,15,0,0
6419,13:42:00,13:42:00,322,16,0,0
6419,13:44:00,13:44:00,207,17,0,0
6419,13:46:00,13:46:00,393,18,0,0
6419,13:50:00,13:50:00,394,19,0,0
803,13:02:00,13:02:00,446,1,0,0
803,13:08:00,13:09:00,227,2,0,0
803,13:16:00,13:17:00,333,3,0,0
803,13:27:00,13:27:00,317,4,0,0
803,13:36:00,13:37:00,311,5,0,0
803,13:48:00,13:48:00,236,6,0,0
803,13:54:00,13:54:00,423,7,0,0
803,14:04:00,14:07:00,372,8,0,0
803,14:17:00,14:17:00,379,9,0,0
803,14:28:00,14:30:00,441,10,0,0
803,14:40:00,14:40:00,434,11,0,0
803,14:49:00,14:50:00,418,12,0,0
803,15:02:00,15:02:00,208,13,0,0
803,15:11:00,15:11:00,326,14,0,0
803,15:21:00,15:21:00,279,15,0,0
803,15:34:00,15:36:00,273,16,0,0
803,15:50:00,15:51:00,357,17,0,0
803,16:06:00,16:07:00,267,18,0,0
803,16:17:00,16:18:00,203,19,0,0
803,16:41:00,16:42:00,298,20,0,0
803,16:54:00,16:55:00,339,21,0,0
803,17:07:00,17:08:00,380,22,0,0
803,17:19:00,17:20:00,331,23,0,0
803,17:29:00,17:29:00,1,24,0,0
6230,13:09:00,13:09:00,1,1,0,0
6230,13:14:00,13:14:00,450,2,0,0
6230,13:18:00,13:19:00,331,3,0,0
6230,13:20:00,13:21:00,245,4,0,0
6230,13:22:00,13:23:00,421,5,0,0
6230,13:24:00,13:25:00,274,6,0,0
6230,13:26:00,13:27:00,377,7,0,0
6230,13:28:00,13:29:00,241,8,0,0
6230,13:32:00,13:32:00,250,9,0,0
6230,13:34:00,13:35:00,380,10,0,0
6230,13:39:00,13:39:00,384,11,0,0
6230,13:43:00,13:43:00,299,12,0,0
6230,13:47:00,13:48:00,343,13,0,0
6230,13:50:00,13:50:00,339,14,0,0
6524,13:09:00,13:09:00,397,1,0,0
6524,13:13:00,13:14:00,396,2,0,0
6524,13:17:00,13:18:00,328,3,0,0
6524,13:23:00,13:23:00,395,4,0,0
6524,13:30:00,13:30:00,286,5,0,0
6524,13:33:00,13:34:00,275,6,0,0
6524,13:38:00,13:39:00,394,7,0,0
6524,13:43:00,13:43:00,393,8,0,0
6524,13:45:00,13:45:00,207,9,0,0
6524,13:47:00,13:47:00,322,10,0,0
6524,13:49:00,13:49:00,359,11,0,0
6524,13:51:00,13:51:00,336,12,0,0
6524,13:53:00,13:54:00,252,13,0,0
6524,13:56:00,13:57:00,316,14,0,0
6524,13:59:00,13:59:00,255,15,0,0
6524,14:01:00,14:02:00,229,16,0,0
6524,14:04:00,14:04:00,296,17,0,0
6524,14:06:00,14:07:00,358,18,0,0
6524,14:10:00,14:11:00,213,19,0,0
6524,14:13:00,14:14:00,305,20,0,0
6524,14:16:00,14:16:00,392,21,0,0
6524,14:18:00,14:18:00,248,22,0,0
6524,14:20:00,14:21:00,391,23,0,0
6524,14:25:00,14:25:00,386,24,0,0
6524,14:29:00,14:29:00,1,25,0,0
6418,13:09:00,13:09:00,394,1,0,0
6418,13:13:00,13:13:00,393,2,0,0
6418,13:15:00,13:15:00,207,3,0,0
6418,13:17:00,13:17:00,322,4,0,0
6418,13:19:00,13:19:00,359,5,0,0
6418,13:21:00,13:21:00,336,6,0,0
6418,13:23:00,13:24:00,252,7,0,0
6418,13:26:00,13:27:00,316,8,0,0
6418,13:29:00,13:29:00,255,9,0,0
6418,13:31:00,13:32:00,229,10,0,0
6418,13:34:00,13:34:00,296,11,0,0
6418,13:36:00,13:37:00,358,12,0,0
6418,13:40:00,13:41:00,213,13,0,0
6418,13:43:00,13:44:00,305,14,0,0
6418,13:46:00,13:46:00,392,15,0,0
6418,13:48:00,13:48:00,248,16,0,0
6418,13:50:00,13:51:00,391,17,0,0
6418,13:55:00,13:55:00,386,18,0,0
6418,13:59:00,13:59:00,1,19,0,0
823-6243,13:19:00,13:19:00,243,1,0,0
823-6243,13:32:00,13:33:00,304,2,0,0
823-6243,13:38:00,13:38:00,430,3,0,0
823-6243,13:49:00,13:49:00,335,4,0,0
823-6243,14:01:00,14:02:00,360,5,0,0
823-6243,14:12:00,14:13:00,308,6,0,0
823-6243,14:24:00,14:24:00,427,7,0,0
823-6243,14:45:00,14:46:00,273,8,0,0
823-6243,15:00:00,15:01:00,357,9,0,0
823-6243,15:11:00,15:11:00,204,10,0,0
823-6243,15:19:00,15:20:00,267,11,0,0
823-6243,15:30:00,15:36:00,203,12,0,0
823-6243,15:43:00,15:43:00,412,13,0,0
823-6243,15:49:00,15:50:00,364,14,0,0
823-6243,15:57:00,15:58:00,298,15,0,0
823-6243,16:02:00,16:02:00,283,16,0,0
823-6243,16:06:00,16:07:00,235,17,0,0
823-6243,16:10:00,16:11:00,354,18,0,0
823-6243,16:12:00,16:13:00,339,19,0,0
823-6243,16:15:00,16:15:00,343,20,0,0
823-6243,16:19:00,16:20:00,299,21,0,0
823-6243,16:23:00,16:24:00,384,22,0,0
823-6243,16:28:00,16:29:00,380,23,0,0
823-6243,16:30:00,16:31:00,250,24,0,0
823-6243,16:36:00,16:37:00,421,25,0,0
823-6243,16:38:00,16:39:00,245,26,0,0
823-6243,16:40:00,16:41:00,331,27,0,0
823-6243,16:45:00,16:46:00,450,28,0,0
823-6243,16:51:00,16:51:00,1,29,0,0
6135,13:26:00,13:26:00,398,1,0,0
6135,13:29:00,13:29:00,352,2,0,0
6135,13:31:00,13:32:00,310,3,0,0
6135,13:37:00,13:37:00,306,4,0,0
6135,13:41:00,13:42:00,282,5,0,0
6135,13:44:00,13:45:00,230,6,0,0
6135,13:47:00,13:48:00,281,7,0,0
6135,13:50:00,13:51:00,276,8,0,0
6135,13:54:00,13:54:00,258,9,0,0
6135,13:57:00,13:57:00,451,10,0,0
6135,13:59:00,14:00:00,449,11,0,0
6135,14:02:00,14:03:00,452,12,0,0
6135,14:06:00,14:07:00,385,13,0,0
6135,14:09:00,14:09:00,501,14,0,0
6135,14:11:00,14:11:00,382,15,0,0
6135,14:13:00,14:14:00,225,16,0,0
6135,14:16:00,14:17:00,400,17,0,0
6135,14:23:00,14:23:00,1,18,0,0
6517,13:30:00,13:30:00,1,1,0,0
6517,13:33:00,13:34:00,386,2,0,0
6517,13:38:00,13:39:00,391,3,0,0
6517,13:40:00,13:41:00,248,4,0,0
6517,13:42:00,13:43:00,392,5,0,0
6517,13:44:00,13:45:00,305,6,0,0
6517,13:48:00,13:48:00,213,7,0,0
6517,13:52:00,13:52:00,358,8,0,0
6517,13:54:00,13:55:00,296,9,0,0
6517,13:56:00,13:57:00,229,10,0,0
6517,13:59:00,14:00:00,255,11,0,0
6517,14:01:00,14:02:00,316,12,0,0
6517,14:04:00,14:05:00,252,13,0,0
6517,14:07:00,14:08:00,336,14,0,0
6517,14:09:00,14:10:00,359,15,0,0
6517,14:12:00,14:12:00,322,16,0,0
6517,14:14:00,14:14:00,207,17,0,0
6517,14:16:00,14:16:00,393,18,0,0
6517,14:20:00,14:21:00,394,19,0,0
6517,14:25:00,14:26:00,275,20,0,0
6517,14:29:00,14:32:00,286,21,0,0
6517,14:38:00,14:39:00,395,22,0,0
6517,14:44:00,14:44:00,328,23,0,0
6517,14:48:00,14:49:00,396,24,0,0
6517,14:53:00,14:53:00,397,25,0,0
6235,13:30:00,13:30:00,203,1,0,0
6235,13:34:00,13:34:00,330,2,0,0
6235,13:38:00,13:39:00,412,3,0,0
6235,13:45:00,13:45:00,364,4,0,0
6235,13:49:00,13:50:00,367,5,0,0
6235,13:54:00,13:55:00,298,6,0,0
6235,13:59:00,13:59:00,283,7,0,0
6235,14:03:00,14:04:00,235,8,0,0
6235,14:07:00,14:08:00,354,9,0,0
6235,14:09:00,14:10:00,339,10,0,0
6235,14:12:00,14:12:00,343,11,0,0
6235,14:16:00,14:17:00,299,12,0,0
6235,14:20:00,14:21:00,384,13,0,0
6235,14:25:00,14:26:00,380,14,0,0
6235,14:27:00,14:28:00,250,15,0,0
6235,14:30:00,14:31:00,241,16,0,0
6235,14:32:00,14:33:00,377,17,0,0
6235,14:34:00,14:35:00,274,18,0,0
6235,14:36:00,14:37:00,421,19,0,0
6235,14:38:00,14:39:00,245,20,0,0
6235,14:40:00,14:41:00,331,21,0,0
6235,14:45:00,14:46:00,450,22,0,0
6235,14:51:00,14:51:00,1,23,0,0
6723,13:35:00,13:35:00,1,1,0,0
6723,13:39:00,13:39:00,386,2,0,0
6723,13:41:00,13:42:00,500,3,0,0
6723,13:44:00,13:44:00,387,4,0,0
6723,13:47:00,13:47:00,388,5,0,0
6723,13:50:00,13:51:00,520,6,0,0
6723,13:55:00,13:55:00,346,7,0,0
6723,13:59:00,14:01:00,340,8,0,0
6723,14:06:00,14:07:00,239,9,0,0
6723,14:10:00,14:11:00,232,10,0,0
6723,14:13:00,14:14:00,342,11,0,0
6723,14:17:00,14:18:00,237,12,0,0
6723,14:22:00,14:22:00,349,13,0,0
6134,13:38:00,13:38:00,1,1,0,0
6134,13:44:00,13:45:00,400,2,0,0
6134,13:47:00,13:47:00,225,3,0,0
6134,13:49:00,13:50:00,382,4,0,0
6134,13:51:00,13:52:00,501,5,0,0
6134,13:54:00,13:54:00,385,6,0,0
6134,13:57:00,13:58:00,452,7,0,0
6134,14:01:00,14:01:00,449,8,0,0
6134,14:03:00,14:04:00,451,9,0,0
6134,14:06:00,14:07:00,258,10,0,0
6134,14:10:00,14:10:00,276,11,0,0
6134,14:13:00,14:13:00,281,12,0,0
6134,14:16:00,14:17:00,230,13,0,0
6134,14:19:00,14:19:00,282,14,0,0
6134,14:23:00,14:24:00,306,15,0,0
6134,14:29:00,14:30:00,310,16,0,0
6134,14:32:00,14:32:00,352,17,0,0
6134,14:36:00,14:36:00,398,18,0,0
6728,13:39:00,13:39:00,349,1,0,0
6728,13:42:00,13:43:00,237,2,0,0
6728,13:47:00,13:47:00,342,3,0,0
6728,13:50:00,13:50:00,232,4,0,0
6728,13:54:00,13:55:00,239,5,0,0
6728,13:59:00,14:01:00,340,6,0,0
6728,14:04:00,14:05:00,346,7,0,0
6728,14:09:00,14:09:00,520,8,0,0
6728,14:12:00,14:13:00,388,9,0,0
6728,14:15:00,14:16:00,387,10,0,0
6728,14:17:00,14:18:00,500,11,0,0
6728,14:20:00,14:21:00,386,12,0,0
6728,14:25:00,14:25:00,1,13,0,0
6232,13:39:00,13:39:00,1,1,0,0
6232,13:44:00,13:44:00,450,2,0,0
6232,13:48:00,13:49:00,331,3,0,0
6232,13:50:00,13:51:00,245,4,0,0
6232,13:52:00,13:53:00,421,5,0,0
6232,13:58:00,13:59:00,250,6,0,0
6232,14:00:00,14:01:00,380,7,0,0
6232,14:05:00,14:06:00,384,8,0,0
6232,14:09:00,14:10:00,299,9,0,0
6232,14:14:00,14:14:00,343,10,0,0
6232,14:16:00,14:17:00,339,11,0,0
6232,14:18:00,14:19:00,354,12,0,0
6232,14:22:00,14:22:00,235,13,0,0
6232,14:26:00,14:27:00,283,14,0,0
6232,14:31:00,14:32:00,298,15,0,0
6232,14:36:00,14:36:00,367,16,0,0
6232,14:40:00,14:41:00,364,17,0,0
6232,14:47:00,14:47:00,412,18,0,0
6232,14:52:00,14:52:00,330,19,0,0
6232,14:57:00,14:57:00,203,20,0,0
835,13:59:00,13:59:00,408,1,0,0
835,14:08:00,14:08:00,256,2,0,0
835,14:12:00,14:13:00,307,3,0,0
835,14:19:00,14:19:00,433,4,0,0
835,14:25:00,14:25:00,271,5,0,0
835,14:32:00,14:32:00,374,6,0,0
835,14:42:00,14:42:00,362,7,0,0
835,14:45:00,14:46:00,540,8,0,0
835,14:49:00,14:49:00,238,9,0,0
835,14:55:00,14:56:00,400,10,0,0
835,15:06:00,15:06:00,1,11,0,0
6421,14:00:00,14:00:00,1,1,0,0
6421,14:03:00,14:04:00,386,2,0,0
6421,14:08:00,14:09:00,391,3,0,0
6421,14:10:00,14:11:00,248,4,0,0
6421,14:12:00,14:13:00,392,5,0,0
6421,14:14:00,14:15:00,305,6,0,0
6421,14:18:00,14:18:00,213,7,0,0
6421,14:22:00,14:22:00,358,8,0,0
6421,14:24:00,14:25:00,296,9,0,0
6421,14:27:00,14:27:00,229,10,0,0
6421,14:29:00,14:30:00,255,11,0,0
6421,14:31:00,14:32:00,316,12,0,0
6421,14:34:00,14:35:00,252,13,0,0
6421,14:37:00,14:38:00,336,14,0,0
6421,14:39:00,14:40:00,359,15,0,0
6421,14:42:00,14:42:00,322,16,0,0
6421,14:44:00,14:44:00,207,17,0,0
6421,14:46:00,14:46:00,393,18,0,0
6421,14:50:00,14:50:00,394,19,0,0
6420,14:09:00,14:09:00,394,1,0,0
6420,14:13:00,14:13:00,393,2,0,0
6420,14:15:00,14:15:00,207,3,0,0
6420,14:17:00,14:17:00,322,4,0,0
6420,14:19:00,14:19:00,359,5,0,0
6420,14:21:00,14:21:00,336,6,0,0
6420,14:23:00,14:24:00,252,7,0,0
6420,14:26:00,14:27:00,316,8,0,0
6420,14:29:00,14:29:00,255,9,0,0
6420,14:31:00,14:32:00,229,10,0,0
6420,14:34:00,14:34:00,296,11,0,0
6420,14:36:00,14:37:00,358,12,0,0
6420,14:40:00,14:41:00,213,13,0,0
6420,14:43:00,14:44:00,305,14,0,0
6420,14:46:00,14:46:00,392,15,0,0
6420,14:48:00,14:48:00,248,16,0,0
6420,14:50:00,14:51:00,391,17,0,0
6420,14:55:00,14:55:00,386,18,0,0
6420,14:59:00,14:59:00,1,19,0,0
6526,14:09:00,14:09:00,397,1,0,0
6526,14:13:00,14:14:00,396,2,0,0
6526,14:17:00,14:18:00,328,3,0,0
6526,14:23:00,14:23:00,395,4,0,0
6526,14:30:00,14:30:00,286,5,0,0
6526,14:33:00,14:34:00,275,6,0,0
6526,14:38:00,14:39:00,394,7,0,0
6526,14:43:00,14:43:00,393,8,0,0
6526,14:45:00,14:45:00,207,9,0,0
6526,14:47:00,14:47:00,322,10,0,0
6526,14:49:00,14:49:00,359,11,0,0
6526,14:51:00,14:51:00,336,12,0,0
6526,14:53:00,14:54:00,252,13,0,0
6526,14:56:00,14:57:00,316,14,0,0
6526,14:59:00,14:59:00,255,15,0,0
6526,15:01:00,15:02:00,229,16,0,0
6526,15:04:00,15:04:00,296,17,0,0
6526,15:06:00,15:07:00,358,18,0,0
6526,15:10:00,15:11:00,213,19,0,0
6526,15:13:00,15:14:00,305,20,0,0
6526,15:16:00,15:16:00,392,21,0,0
6526,15:18:00,15:18:00,248,22,0,0
6526,15:20:00,15:21:00,391,23,0,0
6526,15:25:00,15:25:00,386,24,0,0
6526,15:29:00,15:29:00,1,25,0,0
6234,14:09:00,14:09:00,1,1,0,0
6234,14:14:00,14:14:00,450,2,0,0
6234,14:18:00,14:19:00,331,3,0,0
6234,14:20:00,14:21:00,245,4,0,0
6234,14:22:00,14:23:00,421,5,0,0
6234,14:24:00,14:25:00,274,6,0,0
6234,14:26:00,14:27:00,377,7,0,0
6234,14:28:00,14:29:00,241,8,0,0
6234,14:32:00,14:32:00,250,9,0,0
6234,14:34:00,14:35:00,380,10,0,0
6234,14:39:00,14:39:00,384,11,0,0
6234,14:43:00,14:43:00,299,12,0,0
6234,14:47:00,14:48:00,343,13,0,0
6234,14:49:00,14:50:00,339,14,0,0
6234,14:52:00,14:52:00,354,15,0,0
6234,14:55:00,14:56:00,235,16,0,0
6234,15:00:00,15:00:00,283,17,0,0
6234,15:05:00,15:05:00,298,18,0,0
6136,14:10:00,14:10:00,1,1,0,0
6136,14:16:00,14:17:00,400,2,0,0
6136,14:19:00,14:19:00,225,3,0,0
6136,14:21:00,14:22:00,382,4,0,0
6136,14:23:00,14:24:00,501,5,0,0
6136,14:26:00,14:26:00,385,6,0,0
6136,14:29:00,14:30:00,452,7,0,0
6136,14:33:00,14:33:00,449,8,0,0
6136,14:35:00,14:36:00,451,9,0,0
6136,14:39:00,14:39:00,258,10,0,0
6136,14:42:00,14:43:00,276,11,0,0
6136,14:45:00,14:46:00,281,12,0,0
6136,14:49:00,14:49:00,230,13,0,0
6139,14:17:00,14:17:00,399,1,0,0
6139,14:20:00,14:20:00,453,2,0,0
6139,14:22:00,14:23:00,287,3,0,0
6139,14:25:00,14:26:00,398,4,0,0
6139,14:29:00,14:29:00,352,5,0,0
6139,14:31:00,14:32:00,310,6,0,0
6139,14:37:00,14:37:00,306,7,0,0
6139,14:41:00,14:42:00,282,8,0,0
6139,14:44:00,14:45:00,230,9,0,0
6139,14:47:00,14:48:00,281,10,0,0
6139,14:50:00,14:51:00,276,11,0,0
6139,14:54:00,14:54:00,258,12,0,0
6139,14:57:00,14:57:00,451,13,0,0
6139,14:59:00,15:00:00,449,14,0,0
6139,15:02:00,15:03:00,452,15,0,0
6139,15:06:00,15:07:00,385,16,0,0
6139,15:09:00,15:09:00,501,17,0,0
6139,15:11:00,15:11:00,382,18,0,0
6139,15:13:00,15:14:00,225,19,0,0
6139,15:16:00,15:17:00,400,20,0,0
6139,15:23:00,15:23:00,1,21,0,0
873,14:28:00,14:28:00,460,1,0,0
873,14:35:00,14:35:00,312,2,0,0
873,14:51:00,14:51:00,419,3,0,0
873,15:05:00,15:06:00,432,4,0,0
873,15:17:00,15:18:00,309,5,0,0
873,15:29:00,15:30:00,233,6,0,0
873,15:50:00,15:50:00,301,7,0,0
873,15:58:00,15:59:00,408,8,0,0
873,16:08:00,16:09:00,307,9,0,0
873,16:29:00,16:29:00,362,10,0,0
873,16:38:00,16:38:00,400,11,0,0
873,16:47:00,16:47:00,1,12,0,0
6519,14:30:00,14:30:00,1,1,0,0
6519,14:33:00,14:34:00,386,2,0,0
6519,14:38:00,14:39:00,391,3,0,0
6519,14:40:00,14:41:00,248,4,0,0
6519,14:42:00,14:43:00,392,5,0,0
6519,14:44:00,14:45:00,305,6,0,0
6519,14:48:00,14:48:00,213,7,0,0
6519,14:52:00,14:52:00,358,8,0,0
6519,14:54:00,14:55:00,296,9,0,0
6519,14:56:00,14:57:00,229,10,0,0
6519,14:59:00,15:00:00,255,11,0,0
6519,15:01:00,15:02:00,316,12,0,0
6519,15:04:00,15:05:00,252,13,0,0
6519,15:07:00,15:08:00,336,14,0,0
6519,15:09:00,15:10:00,359,15,0,0
6519,15:12:00,15:12:00,322,16,0,0
6519,15:14:00,15:14:00,207,17,0,0
6519,15:16:00,15:16:00,393,18,0,0
6519,15:20:00,15:21:00,394,19,0,0
6519,15:25:00,15:26:00,275,20,0,0
6519,15:29:00,15:32:00,286,21,0,0
6519,15:38:00,15:39:00,395,22,0,0
6519,15:44:00,15:44:00,328,23,0,0
6519,15:48:00,15:49:00,396,24,0,0
6519,15:53:00,15:53:00,397,25,0,0
838,14:30:00,14:30:00,1,1,0,0
838,14:38:00,14:39:00,400,2,0,0
838,14:43:00,14:44:00,238,3,0,0
838,14:47:00,14:47:00,540,4,0,0
838,14:51:00,14:51:00,362,5,0,0
838,15:01:00,15:02:00,374,6,0,0
838,15:09:00,15:10:00,271,7,0,0
838,15:16:00,15:16:00,433,8,0,0
838,15:23:00,15:23:00,307,9,0,0
838,15:27:00,15:28:00,256,10,0,0
838,15:38:00,15:38:00,408,11,0,0
6239,14:32:00,14:32:00,203,1,0,0
6239,14:36:00,14:36:00,330,2,0,0
6239,14:40:00,14:41:00,412,3,0,0
6239,14:47:00,14:47:00,364,4,0,0
6239,14:51:00,14:52:00,367,5,0,0
6239,14:56:00,14:57:00,298,6,0,0
6239,15:01:00,15:01:00,283,7,0,0
6239,15:05:00,15:06:00,235,8,0,0
6239,15:09:00,15:10:00,354,9,0,0
6239,15:11:00,15:12:00,339,10,0,0
6239,15:14:00,15:14:00,343,11,0,0
6239,15:18:00,15:19:00,299,12,0,0
6239,15:22:00,15:23:00,384,13,0,0
6239,15:27:00,15:28:00,380,14,0,0
6239,15:29:00,15:30:00,250,15,0,0
6239,15:34:00,15:34:00,274,16,0,0
6239,15:36:00,15:37:00,421,17,0,0
6239,15:38:00,15:39:00,245,18,0,0
6239,15:40:00,15:41:00,331,19,0,0
6239,15:45:00,15:46:00,450,20,0,0
6239,15:51:00,15:51:00,1,21,0,0
6725,14:35:00,14:35:00,1,1,0,0
6725,14:39:00,14:39:00,386,2,0,0
6725,14:41:00,14:42:00,500,3,0,0
6725,14:44:00,14:44:00,387,4,0,0
6725,14:47:00,14:47:00,388,5,0,0
6725,14:50:00,14:51:00,520,6,0,0
6725,14:55:00,14:55:00,346,7,0,0
6725,14:59:00,15:01:00,340,8,0,0
6725,15:06:00,15:07:00,239,9,0,0
6725,15:10:00,15:11:00,232,10,0,0
6725,15:13:00,15:14:00,342,11,0,0
6725,15:17:00,15:18:00,237,12,0,0
6725,15:22:00,15:22:00,349,13,0,0
6138,14:38:00,14:38:00,1,1,0,0
6138,14:44:00,14:45:00,400,2,0,0
6138,14:47:00,14:47:00,225,3,0,0
6138,14:49:00,14:50:00,382,4,0,0
6138,14:51:00,14:52:00,501,5,0,0
6138,14:54:00,14:54:00,385,6,0,0
6138,14:57:00,14:58:00,452,7,0,0
6138,15:01:00,15:01:00,449,8,0,0
6138,15:03:00,15:04:00,451,9,0,0
6138,15:06:00,15:07:00,258,10,0,0
6138,15:10:00,15:10:00,276,11,0,0
6138,15:13:00,15:13:00,281,12,0,0
6138,15:16:00,15:17:00,230,13,0,0
6138,15:19:00,15:19:00,282,14,0,0
6138,15:23:00,15:24:00,306,15,0,0
6138,15:29:00,15:30:00,310,16,0,0
6138,15:32:00,15:32:00,352,17,0,0
6138,15:36:00,15:37:00,398,18,0,0
6138,15:39:00,15:39:00,287,19,0,0
6138,15:41:00,15:42:00,453,20,0,0
6138,15:45:00,15:45:00,399,21,0,0
6730,14:39:00,14:39:00,349,1,0,0
6730,14:42:00,14:43:00,237,2,0,0
6730,14:47:00,14:47:00,342,3,0,0
6730,14:50:00,14:50:00,232,4,0,0
6730,14:54:00,14:55:00,239,5,0,0
6730,14:59:00,15:01:00,340,6,0,0
6730,15:04:00,15:05:00,346,7,0,0
6730,15:09:00,15:09:00,520,8,0,0
6730,15:12:00,15:13:00,388,9,0,0
6730,15:15:00,15:16:00,387,10,0,0
6730,15:17:00,15:18:00,500,11,0,0
6730,15:20:00,15:21:00,386,12,0,0
6730,15:25:00,15:25:00,1,13,0,0
6236-824,14:39:00,14:39:00,1,1,0,0
6236-824,14:44:00,14:44:00,450,2,0,0
6236-824,14:48:00,14:49:00,331,3,0,0
6236-824,14:51:00,14:52:00,421,4,0,0
6236-824,14:57:00,14:58:00,250,5,0,0
6236-824,14:59:00,15:00:00,380,6,0,0
6236-824,15:06:00,15:07:00,299,7,0,0
6236-824,15:11:00,15:11:00,343,8,0,0
6236-824,15:13:00,15:14:00,339,9,0,0
6236-824,15:15:00,15:16:00,354,10,0,0
6236-824,15:22:00,15:22:00,283,11,0,0
6236-824,15:26:00,15:27:00,298,12,0,0
6236-824,15:34:00,15:34:00,364,13,0,0
6236-824,15:40:00,15:41:00,412,14,0,0
6236-824,15:49:00,15:54:00,203,15,0,0
6236-824,16:04:00,16:05:00,267,16,0,0
6236-824,16:20:00,16:21:00,357,17,0,0
6236-824,16:35:00,16:36:00,273,18,0,0
6236-824,16:57:00,16:58:00,308,19,0,0
6236-824,17:20:00,17:21:00,335,20,0,0
6236-824,17:44:00,17:44:00,243,21,0,0
6237,14:40:00,14:40:00,339,1,0,0
6237,14:42:00,14:42:00,343,2,0,0
6237,14:46:00,14:47:00,299,3,0,0
6237,14:50:00,14:51:00,384,4,0,0
6237,14:55:00,14:56:00,380,5,0,0
6237,14:57:00,14:58:00,250,6,0,0
6237,15:00:00,15:01:00,241,7,0,0
6237,15:02:00,15:03:00,377,8,0,0
6237,15:04:00,15:05:00,274,9,0,0
6237,15:06:00,15:07:00,421,10,0,0
6237,15:08:00,15:09:00,245,11,0,0
6237,15:10:00,15:11:00,331,12,0,0
6237,15:15:00,15:16:00,450,13,0,0
6237,15:21:00,15:21:00,1,14,0,0
6423,15:00:00,15:00:00,1,1,0,0
6423,15:03:00,15:04:00,386,2,0,0
6423,15:08:00,15:09:00,391,3,0,0
6423,15:10:00,15:11:00,248,4,0,0
6423,15:12:00,15:13:00,392,5,0,0
6423,15:14:00,15:15:00,305,6,0,0
6423,15:18:00,15:18:00,213,7,0,0
6423,15:22:00,15:22:00,358,8,0,0
6423,15:24:00,15:25:00,296,9,0,0
6423,15:26:00,15:27:00,229,10,0,0
6423,15:29:00,15:30:00,255,11,0,0
6423,15:31:00,15:32:00,316,12,0,0
6423,15:34:00,15:35:00,252,13,0,0
6423,15:37:00,15:38:00,336,14,0,0
6423,15:39:00,15:40:00,359,15,0,0
6423,15:42:00,15:42:00,322,16,0,0
6423,15:44:00,15:44:00,207,17,0,0
6423,15:46:00,15:46:00,393,18,0,0
6423,15:50:00,15:50:00,394,19,0,0
6528,15:09:00,15:09:00,397,1,0,0
6528,15:13:00,15:14:00,396,2,0,0
6528,15:17:00,15:18:00,328,3,0,0
6528,15:23:00,15:23:00,395,4,0,0
6528,15:30:00,15:30:00,286,5,0,0
6528,15:33:00,15:34:00,275,6,0,0
6528,15:38:00,15:39:00,394,7,0,0
6528,15:43:00,15:43:00,393,8,0,0
6528,15:45:00,15:45:00,207,9,0,0
6528,15:47:00,15:47:00,322,10,0,0
6528,15:49:00,15:49:00,359,11,0,0
6528,15:51:00,15:51:00,336,12,0,0
6528,15:53:00,15:54:00,252,13,0,0
6528,15:56:00,15:57:00,316,14,0,0
6528,15:59:00,15:59:00,255,15,0,0
6528,16:01:00,16:02:00,229,16,0,0
6528,16:04:00,16:04:00,296,17,0,0
6528,16:06:00,16:07:00,358,18,0,0
6528,16:10:00,16:11:00,213,19,0,0
6528,16:13:00,16:14:00,305,20,0,0
6528,16:16:00,16:16:00,392,21,0,0
6528,16:18:00,16:18:00,248,22,0,0
6528,16:20:00,16:21:00,391,23,0,0
6528,16:25:00,16:25:00,386,24,0,0
6528,16:29:00,16:29:00,1,25,0,0
6422,15:09:00,15:09:00,394,1,0,0
6422,15:13:00,15:13:00,393,2,0,0
6422,15:15:00,15:15:00,207,3,0,0
6422,15:17:00,15:17:00,322,4,0,0
6422,15:19:00,15:19:00,359,5,0,0
6422,15:21:00,15:21:00,336,6,0,0
6422,15:23:00,15:24:00,252,7,0,0
6422,15:26:00,15:27:00,316,8,0,0
6422,15:29:00,15:29:00,255,9,0,0
6422,15:31:00,15:32:00,229,10,0,0
6422,15:34:00,15:34:00,296,11,0,0
6422,15:36:00,15:37:00,358,12,0,0
6422,15:40:00,15:41:00,213,13,0,0
6422,15:43:00,15:44:00,305,14,0,0
6422,15:46:00,15:46:00,392,15,0,0
6422,15:48:00,15:48:00,248,16,0,0
6422,15:50:00,15:51:00,391,17,0,0
6422,15:55:00,15:55:00,386,18,0,0
6422,15:59:00,15:59:00,1,19,0,0
6238,15:09:00,15:09:00,1,1,0,0
6238,15:14:00,15:14:00,450,2,0,0
6238,15:18:00,15:19:00,331,3,0,0
6238,15:20:00,15:21:00,245,4,0,0
6238,15:22:00,15:23:00,421,5,0,0
6238,15:24:00,15:25:00,274,6,0,0
6238,15:26:00,15:27:00,377,7,0,0
6238,15:28:00,15:29:00,241,8,0,0
6238,15:32:00,15:32:00,250,9,0,0
6238,15:34:00,15:35:00,380,10,0,0
6238,15:39:00,15:39:00,384,11,0,0
6238,15:43:00,15:44:00,299,12,0,0
6238,15:48:00,15:48:00,343,13,0,0
6238,15:50:00,15:51:00,339,14,0,0
6238,15:52:00,15:53:00,354,15,0,0
6238,15:56:00,15:56:00,235,16,0,0
6238,16:00:00,16:01:00,283,17,0,0
6238,16:06:00,16:06:00,298,18,0,0
6140,15:10:00,15:10:00,1,1,0,0
6140,15:16:00,15:17:00,400,2,0,0
6140,15:19:00,15:19:00,225,3,0,0
6140,15:21:00,15:22:00,382,4,0,0
6140,15:23:00,15:24:00,501,5,0,0
6140,15:26:00,15:26:00,385,6,0,0
6140,15:29:00,15:30:00,452,7,0,0
6140,15:33:00,15:33:00,449,8,0,0
6140,15:35:00,15:36:00,451,9,0,0
6140,15:39:00,15:39:00,258,10,0,0
6140,15:42:00,15:43:00,276,11,0,0
6140,15:45:00,15:46:00,281,12,0,0
6140,15:49:00,15:49:00,230,13,0,0
6333,15:15:00,15:15:00,1,1,0,0
6333,15:18:00,15:19:00,386,2,0,0
6333,15:23:00,15:24:00,391,3,0,0
6333,15:26:00,15:27:00,392,4,0,0
6333,15:28:00,15:29:00,305,5,0,0
6333,15:32:00,15:32:00,213,6,0,0
6333,15:36:00,15:36:00,358,7,0,0
6333,15:38:00,15:39:00,296,8,0,0
6333,15:40:00,15:41:00,229,9,0,0
6333,15:43:00,15:43:00,255,10,0,0
6333,15:45:00,15:46:00,316,11,0,0
6333,15:48:00,15:48:00,252,12,0,0
6241,15:24:00,15:24:00,298,1,0,0
6241,15:28:00,15:29:00,283,2,0,0
6241,15:33:00,15:33:00,235,3,0,0
6241,15:36:00,15:37:00,354,4,0,0
6241,15:39:00,15:40:00,339,5,0,0
6241,15:41:00,15:42:00,343,6,0,0
6241,15:46:00,15:46:00,299,7,0,0
6241,15:50:00,15:50:00,384,8,0,0
6241,15:54:00,15:55:00,380,9,0,0
6241,15:57:00,15:57:00,250,10,0,0
6241,16:00:00,16:00:00,241,11,0,0
6241,16:02:00,16:02:00,377,12,0,0
6241,16:04:00,16:04:00,274,13,0,0
6241,16:06:00,16:07:00,421,14,0,0
6241,16:08:00,16:09:00,245,15,0,0
6241,16:10:00,16:11:00,331,16,0,0
6241,16:15:00,16:16:00,450,17,0,0
6241,16:21:00,16:21:00,1,18,0,0
840,15:25:00,15:25:00,1,1,0,0
840,15:33:00,15:34:00,400,2,0,0
840,15:38:00,15:38:00,238,3,0,0
840,15:41:00,15:42:00,540,4,0,0
840,15:45:00,15:46:00,362,5,0,0
840,15:56:00,15:56:00,374,6,0,0
840,16:04:00,16:04:00,271,7,0,0
840,16:10:00,16:11:00,433,8,0,0
840,16:17:00,16:18:00,307,9,0,0
840,16:22:00,16:22:00,256,10,0,0
840,16:32:00,16:33:00,408,11,0,0
840,16:42:00,16:43:00,301,12,0,0
840,16:51:00,16:52:00,297,13,0,0
840,17:02:00,17:02:00,206,14,0,0
840,17:11:00,17:11:00,233,15,0,0
6143,15:26:00,15:26:00,398,1,0,0
6143,15:29:00,15:29:00,352,2,0,0
6143,15:31:00,15:32:00,310,3,0,0
6143,15:37:00,15:37:00,306,4,0,0
6143,15:41:00,15:42:00,282,5,0,0
6143,15:44:00,15:45:00,230,6,0,0
6143,15:47:00,15:48:00,281,7,0,0
6143,15:50:00,15:51:00,276,8,0,0
6143,15:54:00,15:54:00,258,9,0,0
6143,15:57:00,15:57:00,451,10,0,0
6143,15:59:00,16:00:00,449,11,0,0
6143,16:02:00,16:03:00,452,12,0,0
6143,16:06:00,16:07:00,385,13,0,0
6143,16:09:00,16:09:00,501,14,0,0
6143,16:11:00,16:11:00,382,15,0,0
6143,16:13:00,16:14:00,225,16,0,0
6143,16:16:00,16:17:00,400,17,0,0
6143,16:23:00,16:23:00,1,18,0,0
6521,15:30:00,15:30:00,1,1,0,0
6521,15:33:00,15:34:00,386,2,0,0
6521,15:38:00,15:39:00,391,3,0,0
6521,15:40:00,15:41:00,248,4,0,0
6521,15:42:00,15:43:00,392,5,0,0
6521,15:44:00,15:45:00,305,6,0,0
6521,15:48:00,15:48:00,213,7,0,0
6521,15:52:00,15:52:00,358,8,0,0
6521,15:54:00,15:55:00,296,9,0,0
6521,15:56:00,15:57:00,229,10,0,0
6521,15:59:00,16:00:00,255,11,0,0
6521,16:01:00,16:02:00,316,12,0,0
6521,16:04:00,16:05:00,252,13,0,0
6521,16:07:00,16:08:00,336,14,0,0
6521,16:09:00,16:10:00,359,15,0,0
6521,16:12:00,16:12:00,322,16,0,0
6521,16:14:00,16:14:00,207,17,0,0
6521,16:16:00,16:16:00,393,18,0,0
6521,16:20:00,16:21:00,394,19,0,0
6521,16:25:00,16:26:00,275,20,0,0
6521,16:29:00,16:32:00,286,21,0,0
6521,16:38:00,16:39:00,395,22,0,0
6521,16:44:00,16:44:00,328,23,0,0
6521,16:48:00,16:49:00,396,24,0,0
6521,16:53:00,16:53:00,397,25,0,0
6729,15:35:00,15:35:00,1,1,0,0
6729,15:39:00,15:39:00,386,2,0,0
6729,15:41:00,15:42:00,500,3,0,0
6729,15:44:00,15:44:00,387,4,0,0
6729,15:47:00,15:47:00,388,5,0,0
6729,15:50:00,15:51:00,520,6,0,0
6729,15:55:00,15:55:00,346,7,0,0
6729,15:59:00,16:01:00,340,8,0,0
6729,16:06:00,16:07:00,239,9,0,0
6729,16:10:00,16:11:00,232,10,0,0
6729,16:13:00,16:14:00,342,11,0,0
6729,16:17:00,16:18:00,237,12,0,0
6729,16:22:00,16:22:00,349,13,0,0
6142,15:38:00,15:38:00,1,1,0,0
6142,15:44:00,15:45:00,400,2,0,0
6142,15:47:00,15:47:00,225,3,0,0
6142,15:49:00,15:50:00,382,4,0,0
6142,15:51:00,15:52:00,501,5,0,0
6142,15:54:00,15:54:00,385,6,0,0
6142,15:57:00,15:58:00,452,7,0,0
6142,16:01:00,16:01:00,449,8,0,0
6142,16:03:00,16:04:00,451,9,0,0
6142,16:06:00,16:07:00,258,10,0,0
6142,16:10:00,16:10:00,276,11,0,0
6142,16:13:00,16:13:00,281,12,0,0
6142,16:16:00,16:17:00,230,13,0,0
6142,16:19:00,16:19:00,282,14,0,0
6142,16:23:00,16:24:00,306,15,0,0
6142,16:29:00,16:30:00,310,16,0,0
6142,16:32:00,16:32:00,352,17,0,0
6142,16:36:00,16:37:00,398,18,0,0
6142,16:39:00,16:39:00,287,19,0,0
6142,16:41:00,16:42:00,453,20,0,0
6142,16:45:00,16:45:00,399,21,0,0
6732,15:39:00,15:39:00,349,1,0,0
6732,15:42:00,15:43:00,237,2,0,0
6732,15:47:00,15:47:00,342,3,0,0
6732,15:50:00,15:50:00,232,4,0,0
6732,15:54:00,15:55:00,239,5,0,0
6732,15:59:00,16:01:00,340,6,0,0
6732,16:04:00,16:05:00,346,7,0,0
6732,16:09:00,16:09:00,520,8,0,0
6732,16:12:00,16:13:00,388,9,0,0
6732,16:15:00,16:16:00,387,10,0,0
6732,16:17:00,16:18:00,500,11,0,0
6732,16:20:00,16:21:00,386,12,0,0
6732,16:25:00,16:25:00,1,13,0,0
6240,15:39:00,15:39:00,1,1,0,0
6240,15:44:00,15:44:00,450,2,0,0
6240,15:48:00,15:49:00,331,3,0,0
6240,15:50:00,15:51:00,245,4,0,0
6240,15:52:00,15:53:00,421,5,0,0
6240,15:54:00,15:55:00,274,6,0,0
6240,15:59:00,16:00:00,250,7,0,0
6240,16:01:00,16:02:00,380,8,0,0
6240,16:06:00,16:07:00,384,9,0,0
6240,16:10:00,16:11:00,299,10,0,0
6240,16:15:00,16:15:00,343,11,0,0
6240,16:17:00,16:18:00,339,12,0,0
6240,16:19:00,16:20:00,354,13,0,0
6240,16:23:00,16:23:00,235,14,0,0
6240,16:27:00,16:28:00,283,15,0,0
6240,16:32:00,16:33:00,298,16,0,0
6240,16:37:00,16:37:00,367,17,0,0
6240,16:41:00,16:42:00,364,18,0,0
6240,16:48:00,16:48:00,412,19,0,0
6240,16:53:00,16:53:00,330,20,0,0
6240,16:58:00,16:58:00,203,21,0,0
6335,15:45:00,15:45:00,1,1,0,0
6335,15:48:00,15:49:00,386,2,0,0
6335,15:53:00,15:54:00,391,3,0,0
6335,15:55:00,15:56:00,248,4,0,0
6335,15:57:00,15:58:00,392,5,0,0
6335,15:59:00,16:00:00,305,6,0,0
6335,16:03:00,16:03:00,213,7,0,0
6335,16:07:00,16:07:00,358,8,0,0
6335,16:09:00,16:10:00,296,9,0,0
6335,16:11:00,16:12:00,229,10,0,0
6335,16:14:00,16:14:00,255,11,0,0
6335,16:16:00,16:17:00,316,12,0,0
6335,16:19:00,16:19:00,252,13,0,0
6425,16:00:00,16:00:00,1,1,0,0
6425,16:03:00,16:04:00,386,2,0,0
6425,16:08:00,16:09:00,391,3,0,0
6425,16:10:00,16:11:00,248,4,0,0
6425,16:12:00,16:13:00,392,5,0,0
6425,16:14:00,16:15:00,305,6,0,0
6425,16:18:00,16:18:00,213,7,0,0
6425,16:22:00,16:22:00,358,8,0,0
6425,16:24:00,16:25:00,296,9,0,0
6425,16:26:00,16:27:00,229,10,0,0
6425,16:29:00,16:30:00,255,11,0,0
6425,16:31:00,16:32:00,316,12,0,0
6425,16:34:00,16:35:00,252,13,0,0
6425,16:37:00,16:38:00,336,14,0,0
6425,16:39:00,16:40:00,359,15,0,0
6425,16:42:00,16:42:00,322,16,0,0
6425,16:44:00,16:44:00,207,17,0,0
6425,16:46:00,16:46:00,393,18,0,0
6425,16:50:00,16:50:00,394,19,0,0
6879,16:04:00,16:04:00,1,1,0,0
6879,16:09:00,16:11:00,386,2,0,0
6879,16:15:00,16:16:00,387,3,0,0
6879,16:29:00,16:30:00,340,4,0,0
6879,16:41:00,16:42:00,342,5,0,0
6879,16:46:00,16:47:00,237,6,0,0
6879,16:52:00,16:52:00,349,7,0,0
6424,16:09:00,16:09:00,394,1,0,0
6424,16:13:00,16:13:00,393,2,0,0
6424,16:15:00,16:15:00,207,3,0,0
6424,16:17:00,16:17:00,322,4,0,0
6424,16:19:00,16:19:00,359,5,0,0
6424,16:21:00,16:21:00,336,6,0,0
6424,16:23:00,16:24:00,252,7,0,0
6424,16:26:00,16:27:00,316,8,0,0
6424,16:29:00,16:29:00,255,9,0,0
6424,16:31:00,16:32:00,229,10,0,0
6424,16:34:00,16:34:00,296,11,0,0
6424,16:36:00,16:37:00,358,12,0,0
6424,16:40:00,16:41:00,213,13,0,0
6424,16:43:00,16:44:00,305,14,0,0
6424,16:46:00,16:46:00,392,15,0,0
6424,16:48:00,16:48:00,248,16,0,0
6424,16:50:00,16:51:00,391,17,0,0
6424,16:55:00,16:55:00,386,18,0,0
6424,16:59:00,16:59:00,1,19,0,0
6334,16:09:00,16:09:00,252,1,0,0
6334,16:11:00,16:12:00,316,2,0,0
6334,16:13:00,16:14:00,255,3,0,0
6334,16:16:00,16:16:00,229,4,0,0
6334,16:18:00,16:18:00,296,5,0,0
6334,16:20:00,16:21:00,358,6,0,0
6334,16:24:00,16:25:00,213,7,0,0
6334,16:27:00,16:28:00,305,8,0,0
6334,16:30:00,16:30:00,392,9,0,0
6334,16:33:00,16:34:00,391,10,0,0
6334,16:38:00,16:40:00,386,11,0,0
6334,16:44:00,16:44:00,1,12,0,0
837,16:09:00,16:09:00,408,1,0,0
837,16:18:00,16:18:00,256,2,0,0
837,16:22:00,16:23:00,307,3,0,0
837,16:29:00,16:29:00,433,4,0,0
837,16:35:00,16:35:00,271,5,0,0
837,16:42:00,16:42:00,374,6,0,0
837,16:52:00,16:52:00,362,7,0,0
837,16:55:00,16:56:00,540,8,0,0
837,16:59:00,16:59:00,238,9,0,0
837,17:05:00,17:06:00,400,10,0,0
837,17:16:00,17:16:00,1,11,0,0
6242,16:09:00,16:09:00,1,1,0,0
6242,16:14:00,16:14:00,450,2,0,0
6242,16:18:00,16:19:00,331,3,0,0
6242,16:20:00,16:21:00,245,4,0,0
6242,16:22:00,16:23:00,421,5,0,0
6242,16:24:00,16:25:00,274,6,0,0
6242,16:26:00,16:27:00,377,7,0,0
6242,16:28:00,16:29:00,241,8,0,0
6242,16:32:00,16:32:00,250,9,0,0
6242,16:34:00,16:35:00,380,10,0,0
6242,16:39:00,16:39:00,384,11,0,0
6242,16:43:00,16:43:00,299,12,0,0
6242,16:47:00,16:48:00,343,13,0,0
6242,16:49:00,16:50:00,339,14,0,0
6242,16:52:00,16:52:00,354,15,0,0
6242,16:55:00,16:56:00,235,16,0,0
6242,17:00:00,17:00:00,283,17,0,0
6242,17:05:00,17:05:00,298,18,0,0
6530,16:09:00,16:09:00,397,1,0,0
6530,16:13:00,16:14:00,396,2,0,0
6530,16:17:00,16:18:00,328,3,0,0
6530,16:23:00,16:23:00,395,4,0,0
6530,16:30:00,16:30:00,286,5,0,0
6530,16:33:00,16:34:00,275,6,0,0
6530,16:38:00,16:39:00,394,7,0,0
6530,16:43:00,16:43:00,393,8,0,0
6530,16:45:00,16:45:00,207,9,0,0
6530,16:47:00,16:47:00,322,10,0,0
6530,16:49:00,16:49:00,359,11,0,0
6530,16:51:00,16:51:00,336,12,0,0
6530,16:53:00,16:54:00,252,13,0,0
6530,16:56:00,16:57:00,316,14,0,0
6530,16:59:00,16:59:00,255,15,0,0
6530,17:01:00,17:02:00,229,16,0,0
6530,17:04:00,17:04:00,296,17,0,0
6530,17:06:00,17:07:00,358,18,0,0
6530,17:10:00,17:11:00,213,19,0,0
6530,17:13:00,17:14:00,305,20,0,0
6530,17:16:00,17:16:00,392,21,0,0
6530,17:18:00,17:18:00,248,22,0,0
6530,17:20:00,17:21:00,391,23,0,0
6530,17:25:00,17:25:00,386,24,0,0
6530,17:29:00,17:29:00,1,25,0,0
6144,16:10:00,16:10:00,1,1,0,0
6144,16:16:00,16:17:00,400,2,0,0
6144,16:19:00,16:19:00,225,3,0,0
6144,16:21:00,16:22:00,382,4,0,0
6144,16:23:00,16:24:00,501,5,0,0
6144,16:26:00,16:26:00,385,6,0,0
6144,16:29:00,16:30:00,452,7,0,0
6144,16:33:00,16:33:00,449,8,0,0
6144,16:35:00,16:36:00,451,9,0,0
6144,16:39:00,16:39:00,258,10,0,0
6144,16:42:00,16:43:00,276,11,0,0
6144,16:45:00,16:46:00,281,12,0,0
6144,16:49:00,16:49:00,230,13,0,0
6145,16:15:00,16:15:00,230,1,0,0
6145,16:17:00,16:18:00,281,2,0,0
6145,16:20:00,16:21:00,276,3,0,0
6145,16:24:00,16:24:00,258,4,0,0
6145,16:27:00,16:27:00,451,5,0,0
6145,16:29:00,16:30:00,449,6,0,0
6145,16:32:00,16:33:00,452,7,0,0
6145,16:36:00,16:37:00,385,8,0,0
6145,16:39:00,16:39:00,501,9,0,0
6145,16:41:00,16:41:00,382,10,0,0
6145,16:43:00,16:44:00,225,11,0,0
6145,16:46:00,16:47:00,400,12,0,0
6145,16:53:00,16:53:00,1,13,0,0
6337,16:15:00,16:15:00,1,1,0,0
6337,16:18:00,16:19:00,386,2,0,0
6337,16:23:00,16:24:00,391,3,0,0
6337,16:25:00,16:26:00,248,4,0,0
6337,16:27:00,16:28:00,392,5,0,0
6337,16:29:00,16:30:00,305,6,0,0
6337,16:33:00,16:33:00,213,7,0,0
6337,16:37:00,16:37:00,358,8,0,0
6337,16:39:00,16:40:00,296,9,0,0
6337,16:41:00,16:42:00,229,10,0,0
6337,16:44:00,16:44:00,255,11,0,0
6337,16:46:00,16:47:00,316,12,0,0
6337,16:49:00,16:49:00,252,13,0,0
6147,16:17:00,16:17:00,399,1,0,0
6147,16:20:00,16:20:00,453,2,0,0
6147,16:22:00,16:23:00,287,3,0,0
6147,16:25:00,16:26:00,398,4,0,0
6147,16:29:00,16:29:00,352,5,0,0
6147,16:31:00,16:32:00,310,6,0,0
6147,16:37:00,16:37:00,306,7,0,0
6147,16:41:00,16:42:00,282,8,0,0
6147,16:44:00,16:45:00,230,9,0,0
6147,16:47:00,16:48:00,281,10,0,0
6147,16:50:00,16:51:00,276,11,0,0
6147,16:54:00,16:54:00,258,12,0,0
6147,16:57:00,16:57:00,451,13,0,0
6147,16:59:00,17:00:00,449,14,0,0
6147,17:02:00,17:03:00,452,15,0,0
6147,17:06:00,17:07:00,385,16,0,0
6147,17:09:00,17:09:00,501,17,0,0
6147,17:11:00,17:11:00,382,18,0,0
6147,17:13:00,17:14:00,225,19,0,0
6147,17:16:00,17:17:00,400,20,0,0
6147,17:23:00,17:23:00,1,21,0,0
842,16:20:00,16:20:00,1,1,0,0
842,16:28:00,16:29:00,400,2,0,0
842,16:33:00,16:34:00,238,3,0,0
842,16:37:00,16:37:00,540,4,0,0
842,16:41:00,16:41:00,362,5,0,0
842,16:51:00,16:52:00,374,6,0,0
842,16:59:00,17:00:00,271,7,0,0
842,17:06:00,17:06:00,433,8,0,0
842,17:13:00,17:13:00,307,9,0,0
842,17:17:00,17:18:00,256,10,0,0
842,17:28:00,17:28:00,408,11,0,0
6245,16:24:00,16:24:00,298,1,0,0
6245,16:28:00,16:29:00,283,2,0,0
6245,16:33:00,16:33:00,235,3,0,0
6245,16:36:00,16:37:00,354,4,0,0
6245,16:39:00,16:40:00,339,5,0,0
6245,16:41:00,16:42:00,343,6,0,0
6245,16:46:00,16:46:00,299,7,0,0
6245,16:50:00,16:50:00,384,8,0,0
6245,16:54:00,16:55:00,380,9,0,0
6245,16:57:00,16:57:00,250,10,0,0
6245,17:00:00,17:00:00,241,11,0,0
6245,17:02:00,17:02:00,377,12,0,0
6245,17:04:00,17:04:00,274,13,0,0
6245,17:06:00,17:07:00,421,14,0,0
6245,17:08:00,17:09:00,245,15,0,0
6245,17:10:00,17:11:00,331,16,0,0
6245,17:15:00,17:16:00,450,17,0,0
6245,17:21:00,17:21:00,1,18,0,0
809,16:29:00,16:29:00,243,1,0,0
809,16:52:00,16:52:00,335,2,0,0
809,17:05:00,17:09:00,360,3,0,0
809,17:19:00,17:20:00,308,4,0,0
809,17:41:00,17:42:00,273,5,0,0
809,17:56:00,17:56:00,357,6,0,0
809,18:11:00,18:12:00,267,7,0,0
809,18:21:00,18:22:00,203,8,0,0
809,18:45:00,18:46:00,298,9,0,0
809,18:58:00,18:59:00,339,10,0,0
809,19:20:00,19:21:00,331,11,0,0
809,19:30:00,19:30:00,1,12,0,0
6427,16:30:00,16:30:00,1,1,0,0
6427,16:33:00,16:34:00,386,2,0,0
6427,16:38:00,16:39:00,391,3,0,0
6427,16:40:00,16:41:00,248,4,0,0
6427,16:42:00,16:43:00,392,5,0,0
6427,16:44:00,16:45:00,305,6,0,0
6427,16:47:00,16:48:00,213,7,0,0
6427,16:51:00,16:52:00,358,8,0,0
6427,16:53:00,16:54:00,296,9,0,0
6427,16:56:00,16:56:00,229,10,0,0
6427,16:58:00,16:59:00,255,11,0,0
6427,17:00:00,17:01:00,316,12,0,0
6427,17:03:00,17:04:00,252,13,0,0
6427,17:06:00,17:07:00,336,14,0,0
6427,17:08:00,17:09:00,359,15,0,0
6427,17:11:00,17:11:00,322,16,0,0
6427,17:13:00,17:13:00,207,17,0,0
6427,17:15:00,17:15:00,393,18,0,0
6427,17:19:00,17:19:00,394,19,0,0
708,16:31:00,16:31:00,1,1,0,0
708,17:01:00,17:02:00,339,2,0,0
708,17:34:00,17:35:00,203,3,0,0
708,17:57:00,17:58:00,357,4,0,0
708,18:12:00,18:13:00,273,5,0,0
708,18:34:00,18:35:00,308,6,0,0
708,19:16:00,19:19:00,243,7,0,0
708,19:49:00,19:50:00,269,8,0,0
708,20:09:00,20:09:00,313,9,0,0
6247,16:32:00,16:32:00,203,1,0,0
6247,16:36:00,16:36:00,330,2,0,0
6247,16:40:00,16:41:00,412,3,0,0
6247,16:47:00,16:47:00,364,4,0,0
6247,16:51:00,16:52:00,367,5,0,0
6247,16:56:00,16:57:00,298,6,0,0
6247,17:01:00,17:01:00,283,7,0,0
6247,17:05:00,17:06:00,235,8,0,0
6247,17:09:00,17:10:00,354,9,0,0
6247,17:11:00,17:12:00,339,10,0,0
6247,17:14:00,17:14:00,343,11,0,0
6247,17:18:00,17:19:00,299,12,0,0
6247,17:22:00,17:23:00,384,13,0,0
6247,17:27:00,17:28:00,380,14,0,0
6247,17:29:00,17:30:00,250,15,0,0
6247,17:34:00,17:34:00,274,16,0,0
6247,17:36:00,17:37:00,421,17,0,0
6247,17:38:00,17:39:00,245,18,0,0
6247,17:40:00,17:41:00,331,19,0,0
6247,17:45:00,17:46:00,450,20,0,0
6247,17:51:00,17:51:00,1,21,0,0
6733,16:35:00,16:35:00,1,1,0,0
6733,16:39:00,16:39:00,386,2,0,0
6733,16:41:00,16:42:00,500,3,0,0
6733,16:44:00,16:44:00,387,4,0,0
6733,16:47:00,16:47:00,388,5,0,0
6733,16:50:00,16:51:00,520,6,0,0
6733,16:55:00,16:55:00,346,7,0,0
6733,16:59:00,17:01:00,340,8,0,0
6733,17:06:00,17:07:00,239,9,0,0
6733,17:10:00,17:11:00,232,10,0,0
6733,17:13:00,17:14:00,342,11,0,0
6733,17:17:00,17:18:00,237,12,0,0
6733,17:22:00,17:22:00,349,13,0,0
6146,16:38:00,16:38:00,1,1,0,0
6146,16:44:00,16:45:00,400,2,0,0
6146,16:47:00,16:47:00,225,3,0,0
6146,16:49:00,16:50:00,382,4,0,0
6146,16:51:00,16:52:00,501,5,0,0
6146,16:54:00,16:54:00,385,6,0,0
6146,16:57:00,16:58:00,452,7,0,0
6146,17:01:00,17:01:00,449,8,0,0
6146,17:03:00,17:04:00,451,9,0,0
6146,17:06:00,17:07:00,258,10,0,0
6146,17:10:00,17:10:00,276,11,0,0
6146,17:13:00,17:13:00,281,12,0,0
6146,17:16:00,17:17:00,230,13,0,0
6146,17:19:00,17:19:00,282,14,0,0
6146,17:23:00,17:24:00,306,15,0,0
6146,17:29:00,17:30:00,310,16,0,0
6146,17:32:00,17:32:00,352,17,0,0
6146,17:36:00,17:37:00,398,18,0,0
6146,17:39:00,17:39:00,287,19,0,0
6146,17:41:00,17:42:00,453,20,0,0
6146,17:45:00,17:45:00,399,21,0,0
6336,16:38:00,16:38:00,252,1,0,0
6336,16:40:00,16:41:00,316,2,0,0
6336,16:42:00,16:43:00,255,3,0,0
6336,16:45:00,16:45:00,229,4,0,0
6336,16:47:00,16:47:00,296,5,0,0
6336,16:49:00,16:50:00,358,6,0,0
6336,16:53:00,16:54:00,213,7,0,0
6336,16:56:00,16:57:00,305,8,0,0
6336,16:59:00,16:59:00,392,9,0,0
6336,17:01:00,17:01:00,248,10,0,0
6336,17:03:00,17:04:00,391,11,0,0
6336,17:08:00,17:10:00,386,12,0,0
6336,17:14:00,17:14:00,1,13,0,0
6244,16:39:00,16:39:00,1,1,0,0
6244,16:44:00,16:44:00,450,2,0,0
6244,16:48:00,16:49:00,331,3,0,0
6244,16:50:00,16:51:00,245,4,0,0
6244,16:52:00,16:53:00,421,5,0,0
6244,16:54:00,16:55:00,274,6,0,0
6244,16:59:00,17:00:00,250,7,0,0
6244,17:01:00,17:02:00,380,8,0,0
6244,17:06:00,17:07:00,384,9,0,0
6244,17:10:00,17:11:00,299,10,0,0
6244,17:15:00,17:15:00,343,11,0,0
6244,17:17:00,17:18:00,339,12,0,0
6244,17:19:00,17:20:00,354,13,0,0
6244,17:23:00,17:23:00,235,14,0,0
6244,17:27:00,17:28:00,283,15,0,0
6244,17:32:00,17:33:00,298,16,0,0
6244,17:37:00,17:37:00,367,17,0,0
6244,17:41:00,17:42:00,364,18,0,0
6244,17:48:00,17:48:00,412,19,0,0
6244,17:53:00,17:53:00,330,20,0,0
6244,17:58:00,17:58:00,203,21,0,0
6736,16:39:00,16:39:00,349,1,0,0
6736,16:42:00,16:43:00,237,2,0,0
6736,16:47:00,16:47:00,342,3,0,0
6736,16:50:00,16:50:00,232,4,0,0
6736,16:54:00,16:55:00,239,5,0,0
6736,16:59:00,17:01:00,340,6,0,0
6736,17:04:00,17:05:00,346,7,0,0
6736,17:09:00,17:09:00,520,8,0,0
6736,17:12:00,17:13:00,388,9,0,0
6736,17:15:00,17:16:00,387,10,0,0
6736,17:17:00,17:18:00,500,11,0,0
6736,17:20:00,17:21:00,386,12,0,0
6736,17:25:00,17:25:00,1,13,0,0
6525,16:45:00,16:45:00,1,1,0,0
6525,16:48:00,16:49:00,386,2,0,0
6525,16:53:00,16:53:00,391,3,0,0
6525,16:56:00,16:56:00,392,4,0,0
6525,16:58:00,16:58:00,305,5,0,0
6525,17:05:00,17:05:00,229,6,0,0
6525,17:07:00,17:08:00,255,7,0,0
6525,17:09:00,17:10:00,316,8,0,0
6525,17:12:00,17:13:00,252,9,0,0
6525,17:23:00,17:24:00,394,10,0,0
6525,17:31:00,17:32:00,286,11,0,0
6525,17:38:00,17:39:00,395,12,0,0
6525,17:44:00,17:44:00,328,13,0,0
6525,17:48:00,17:49:00,396,14,0,0
6525,17:53:00,17:53:00,397,15,0,0
703,16:55:00,16:55:00,311,1,0,0
703,17:15:00,17:18:00,372,2,0,0
703,17:36:00,17:36:00,441,3,0,0
703,18:21:00,18:22:00,273,4,0,0
703,18:36:00,18:37:00,357,5,0,0
703,18:59:00,19:00:00,203,6,0,0
703,19:31:00,19:32:00,339,7,0,0
703,19:59:00,19:59:00,1,8,0,0
6429,17:00:00,17:00:00,1,1,0,0
6429,17:03:00,17:04:00,386,2,0,0
6429,17:08:00,17:09:00,391,3,0,0
6429,17:10:00,17:11:00,248,4,0,0
6429,17:12:00,17:13:00,392,5,0,0
6429,17:14:00,17:15:00,305,6,0,0
6429,17:18:00,17:18:00,213,7,0,0
6429,17:22:00,17:22:00,358,8,0,0
6429,17:24:00,17:25:00,296,9,0,0
6429,17:26:00,17:27:00,229,10,0,0
6429,17:29:00,17:30:00,255,11,0,0
6429,17:31:00,17:32:00,316,12,0,0
6429,17:34:00,17:35:00,252,13,0,0
6429,17:37:00,17:38:00,336,14,0,0
6429,17:39:00,17:40:00,359,15,0,0
6429,17:42:00,17:42:00,322,16,0,0
6429,17:44:00,17:44:00,207,17,0,0
6429,17:46:00,17:46:00,393,18,0,0
6429,17:50:00,17:50:00,394,19,0,0
812,17:01:00,17:01:00,1,1,0,0
812,17:10:00,17:11:00,331,2,0,0
812,17:23:00,17:24:00,380,3,0,0
812,17:38:00,17:39:00,339,4,0,0
812,17:52:00,17:53:00,298,5,0,0
812,18:15:00,18:16:00,203,6,0,0
812,18:26:00,18:27:00,267,7,0,0
812,18:43:00,18:44:00,357,8,0,0
812,18:58:00,18:59:00,273,9,0,0
812,19:12:00,19:12:00,279,10,0,0
812,19:22:00,19:22:00,326,11,0,0
812,19:31:00,19:31:00,208,12,0,0
812,19:43:00,19:44:00,418,13,0,0
812,19:52:00,19:52:00,434,14,0,0
812,20:02:00,20:02:00,441,15,0,0
812,20:13:00,20:14:00,379,16,0,0
812,20:25:00,20:27:00,372,17,0,0
812,20:36:00,20:36:00,423,18,0,0
812,20:42:00,20:42:00,236,19,0,0
812,20:53:00,20:54:00,311,20,0,0
812,21:02:00,21:03:00,317,21,0,0
812,21:13:00,21:14:00,333,22,0,0
812,21:21:00,21:21:00,227,23,0,0
812,21:28:00,21:28:00,446,24,0,0
6881,17:04:00,17:04:00,1,1,0,0
6881,17:09:00,17:11:00,386,2,0,0
6881,17:15:00,17:16:00,387,3,0,0
6881,17:29:00,17:32:00,340,4,0,0
6881,17:43:00,17:44:00,342,5,0,0
6881,17:48:00,17:49:00,237,6,0,0
6881,17:54:00,17:54:00,349,7,0,0
6880,17:06:00,17:06:00,349,1,0,0
6880,17:10:00,17:11:00,237,2,0,0
6880,17:16:00,17:17:00,342,3,0,0
6880,17:29:00,17:30:00,340,4,0,0
6880,17:43:00,17:44:00,387,5,0,0
6880,17:48:00,17:49:00,386,6,0,0
6880,17:54:00,17:54:00,1,7,0,0
6148,17:08:00,17:08:00,1,1,0,0
6148,17:14:00,17:15:00,400,2,0,0
6148,17:17:00,17:17:00,225,3,0,0
6148,17:19:00,17:20:00,382,4,0,0
6148,17:21:00,17:22:00,501,5,0,0
6148,17:24:00,17:24:00,385,6,0,0
6148,17:27:00,17:28:00,452,7,0,0
6148,17:31:00,17:31:00,449,8,0,0
6148,17:33:00,17:34:00,451,9,0,0
6148,17:36:00,17:37:00,258,10,0,0
6148,17:40:00,17:40:00,276,11,0,0
6148,17:43:00,17:43:00,281,12,0,0
6148,17:46:00,17:47:00,230,13,0,0
6148,17:49:00,17:49:00,282,14,0,0
6148,17:53:00,17:54:00,306,15,0,0
6148,18:00:00,18:01:00,352,16,0,0
6148,18:04:00,18:04:00,398,17,0,0
6338,17:08:00,17:08:00,252,1,0,0
6338,17:10:00,17:11:00,316,2,0,0
6338,17:12:00,17:13:00,255,3,0,0
6338,17:15:00,17:15:00,229,4,0,0
6338,17:17:00,17:17:00,296,5,0,0
6338,17:19:00,17:20:00,358,6,0,0
6338,17:23:00,17:24:00,213,7,0,0
6338,17:26:00,17:27:00,305,8,0,0
6338,17:29:00,17:29:00,392,9,0,0
6338,17:31:00,17:31:00,248,10,0,0
6338,17:33:00,17:34:00,391,11,0,0
6338,17:38:00,17:40:00,386,12,0,0
6338,17:44:00,17:44:00,1,13,0,0
6246,17:09:00,17:09:00,1,1,0,0
6246,17:14:00,17:14:00,450,2,0,0
6246,17:18:00,17:19:00,331,3,0,0
6246,17:20:00,17:21:00,245,4,0,0
6246,17:22:00,17:23:00,421,5,0,0
6246,17:24:00,17:25:00,274,6,0,0
6246,17:26:00,17:27:00,377,7,0,0
6246,17:28:00,17:29:00,241,8,0,0
6246,17:32:00,17:32:00,250,9,0,0
6246,17:34:00,17:35:00,380,10,0,0
6246,17:39:00,17:39:00,384,11,0,0
6246,17:43:00,17:43:00,299,12,0,0
6246,17:47:00,17:48:00,343,13,0,0
6246,17:49:00,17:50:00,339,14,0,0
6246,17:52:00,17:52:00,354,15,0,0
6246,17:55:00,17:56:00,235,16,0,0
6246,18:00:00,18:00:00,283,17,0,0
6246,18:05:00,18:05:00,298,18,0,0
6426,17:09:00,17:09:00,394,1,0,0
6426,17:13:00,17:13:00,393,2,0,0
6426,17:15:00,17:15:00,207,3,0,0
6426,17:17:00,17:17:00,322,4,0,0
6426,17:19:00,17:19:00,359,5,0,0
6426,17:21:00,17:21:00,336,6,0,0
6426,17:23:00,17:24:00,252,7,0,0
6426,17:26:00,17:27:00,316,8,0,0
6426,17:29:00,17:29:00,255,9,0,0
6426,17:31:00,17:32:00,229,10,0,0
6426,17:34:00,17:34:00,296,11,0,0
6426,17:36:00,17:37:00,358,12,0,0
6426,17:40:00,17:41:00,213,13,0,0
6426,17:43:00,17:44:00,305,14,0,0
6426,17:46:00,17:46:00,392,15,0,0
6426,17:48:00,17:48:00,248,16,0,0
6426,17:50:00,17:51:00,391,17,0,0
6426,17:55:00,17:55:00,386,18,0,0
6426,17:59:00,17:59:00,1,19,0,0
6532,17:09:00,17:09:00,397,1,0,0
6532,17:13:00,17:14:00,396,2,0,0
6532,17:17:00,17:18:00,328,3,0,0
6532,17:23:00,17:23:00,395,4,0,0
6532,17:30:00,17:32:00,286,5,0,0
6532,17:35:00,17:35:00,275,6,0,0
6532,17:40:00,17:41:00,394,7,0,0
6532,17:44:00,17:45:00,393,8,0,0
6532,17:46:00,17:47:00,207,9,0,0
6532,17:48:00,17:49:00,322,10,0,0
6532,17:50:00,17:51:00,359,11,0,0
6532,17:52:00,17:53:00,336,12,0,0
6532,17:55:00,17:56:00,252,13,0,0
6532,17:58:00,17:58:00,316,14,0,0
6532,18:00:00,18:00:00,255,15,0,0
6532,18:02:00,18:03:00,229,16,0,0
6532,18:04:00,18:05:00,296,17,0,0
6532,18:06:00,18:07:00,358,18,0,0
6532,18:11:00,18:11:00,213,19,0,0
6532,18:14:00,18:14:00,305,20,0,0
6532,18:16:00,18:16:00,392,21,0,0
6532,18:18:00,18:18:00,248,22,0,0
6532,18:20:00,18:21:00,391,23,0,0
6532,18:25:00,18:25:00,386,24,0,0
6532,18:29:00,18:29:00,1,25,0,0
6149,17:15:00,17:15:00,230,1,0,0
6149,17:17:00,17:18:00,281,2,0,0
6149,17:20:00,17:21:00,276,3,0,0
6149,17:24:00,17:24:00,258,4,0,0
6149,17:27:00,17:27:00,451,5,0,0
6149,17:29:00,17:30:00,449,6,0,0
6149,17:32:00,17:33:00,452,7,0,0
6149,17:36:00,17:37:00,385,8,0,0
6149,17:39:00,17:39:00,501,9,0,0
6149,17:41:00,17:41:00,382,10,0,0
6149,17:43:00,17:44:00,225,11,0,0
6149,17:46:00,17:47:00,400,12,0,0
6149,17:53:00,17:53:00,1,13,0,0
6341,17:15:00,17:15:00,1,1,0,0
6341,17:18:00,17:19:00,386,2,0,0
6341,17:23:00,17:24:00,391,3,0,0
6341,17:25:00,17:26:00,248,4,0,0
6341,17:27:00,17:28:00,392,5,0,0
6341,17:29:00,17:30:00,305,6,0,0
6341,17:33:00,17:33:00,213,7,0,0
6341,17:37:00,17:37:00,358,8,0,0
6341,17:39:00,17:40:00,296,9,0,0
6341,17:41:00,17:42:00,229,10,0,0
6341,17:44:00,17:44:00,255,11,0,0
6341,17:46:00,17:47:00,316,12,0,0
6341,17:49:00,17:49:00,252,13,0,0
6151,17:17:00,17:17:00,399,1,0,0
6151,17:20:00,17:20:00,453,2,0,0
6151,17:22:00,17:23:00,287,3,0,0
6151,17:25:00,17:26:00,398,4,0,0
6151,17:29:00,17:29:00,352,5,0,0
6151,17:31:00,17:32:00,310,6,0,0
6151,17:37:00,17:37:00,306,7,0,0
6151,17:41:00,17:42:00,282,8,0,0
6151,17:44:00,17:45:00,230,9,0,0
6151,17:47:00,17:48:00,281,10,0,0
6151,17:50:00,17:51:00,276,11,0,0
6151,17:54:00,17:54:00,258,12,0,0
6151,17:57:00,17:57:00,451,13,0,0
6151,17:59:00,18:00:00,449,14,0,0
6151,18:02:00,18:03:00,452,15,0,0
6151,18:06:00,18:07:00,385,16,0,0
6151,18:09:00,18:09:00,501,17,0,0
6151,18:11:00,18:11:00,382,18,0,0
6151,18:13:00,18:14:00,225,19,0,0
6151,18:16:00,18:17:00,400,20,0,0
6151,18:23:00,18:23:00,1,21,0,0
6249,17:24:00,17:24:00,298,1,0,0
6249,17:28:00,17:29:00,283,2,0,0
6249,17:33:00,17:33:00,235,3,0,0
6249,17:36:00,17:37:00,354,4,0,0
6249,17:39:00,17:40:00,339,5,0,0
6249,17:41:00,17:42:00,343,6,0,0
6249,17:46:00,17:46:00,299,7,0,0
6249,17:50:00,17:50:00,384,8,0,0
6249,17:54:00,17:55:00,380,9,0,0
6249,17:57:00,17:57:00,250,10,0,0
6249,18:00:00,18:00:00,241,11,0,0
6249,18:02:00,18:02:00,377,12,0,0
6249,18:04:00,18:04:00,274,13,0,0
6249,18:06:00,18:07:00,421,14,0,0
6249,18:08:00,18:09:00,245,15,0,0
6249,18:10:00,18:11:00,331,16,0,0
6249,18:15:00,18:16:00,450,17,0,0
6249,18:21:00,18:21:00,1,18,0,0
6248,17:24:00,17:24:00,1,1,0,0
6248,17:29:00,17:29:00,450,2,0,0
6248,17:33:00,17:34:00,331,3,0,0
6248,17:35:00,17:36:00,245,4,0,0
6248,17:37:00,17:38:00,421,5,0,0
6248,17:39:00,17:40:00,274,6,0,0
6248,17:41:00,17:42:00,377,7,0,0
6248,17:43:00,17:44:00,241,8,0,0
6248,17:47:00,17:47:00,250,9,0,0
6248,17:49:00,17:50:00,380,10,0,0
6248,17:54:00,17:54:00,384,11,0,0
6248,17:58:00,17:58:00,299,12,0,0
6248,18:02:00,18:03:00,343,13,0,0
6248,18:05:00,18:05:00,339,14,0,0
864,17:26:00,17:26:00,1,1,0,0
864,17:34:00,17:35:00,400,2,0,0
864,18:03:00,18:03:00,307,3,0,0
864,18:15:00,18:16:00,408,4,0,0
864,18:44:00,18:45:00,233,5,0,0
864,18:57:00,18:58:00,309,6,0,0
864,19:11:00,19:11:00,432,7,0,0
6431,17:30:00,17:30:00,1,1,0,0
6431,17:33:00,17:34:00,386,2,0,0
6431,17:38:00,17:39:00,391,3,0,0
6431,17:40:00,17:41:00,248,4,0,0
6431,17:42:00,17:43:00,392,5,0,0
6431,17:44:00,17:45:00,305,6,0,0
6431,17:47:00,17:48:00,213,7,0,0
6431,17:51:00,17:52:00,358,8,0,0
6431,17:53:00,17:54:00,296,9,0,0
6431,17:56:00,17:56:00,229,10,0,0
6431,17:58:00,17:59:00,255,11,0,0
6431,18:00:00,18:01:00,316,12,0,0
6431,18:03:00,18:04:00,252,13,0,0
6431,18:06:00,18:07:00,336,14,0,0
6431,18:08:00,18:09:00,359,15,0,0
6431,18:11:00,18:11:00,322,16,0,0
6431,18:13:00,18:13:00,207,17,0,0
6431,18:15:00,18:15:00,393,18,0,0
6431,18:19:00,18:19:00,394,19,0,0
6251,17:32:00,17:32:00,203,1,0,0
6251,17:36:00,17:36:00,330,2,0,0
6251,17:40:00,17:41:00,412,3,0,0
6251,17:47:00,17:47:00,364,4,0,0
6251,17:51:00,17:52:00,367,5,0,0
6251,17:56:00,17:57:00,298,6,0,0
6251,18:01:00,18:01:00,283,7,0,0
6251,18:05:00,18:06:00,235,8,0,0
6251,18:09:00,18:10:00,354,9,0,0
6251,18:11:00,18:12:00,339,10,0,0
6251,18:14:00,18:14:00,343,11,0,0
6251,18:18:00,18:19:00,299,12,0,0
6251,18:22:00,18:23:00,384,13,0,0
6251,18:27:00,18:28:00,380,14,0,0
6251,18:29:00,18:30:00,250,15,0,0
6251,18:34:00,18:34:00,274,16,0,0
6251,18:36:00,18:37:00,421,17,0,0
6251,18:38:00,18:39:00,245,18,0,0
6251,18:40:00,18:41:00,331,19,0,0
6251,18:45:00,18:46:00,450,20,0,0
6251,18:51:00,18:51:00,1,21,0,0
6428,17:32:00,17:32:00,394,1,0,0
6428,17:41:00,17:42:00,252,2,0,0
6428,17:44:00,17:45:00,316,3,0,0
6428,17:47:00,17:47:00,255,4,0,0
6428,17:49:00,17:50:00,229,5,0,0
6428,17:51:00,17:52:00,296,6,0,0
6428,17:58:00,17:58:00,305,7,0,0
6428,18:00:00,18:00:00,392,8,0,0
6428,18:03:00,18:04:00,391,9,0,0
6428,18:08:00,18:10:00,386,10,0,0
6428,18:14:00,18:14:00,1,11,0,0
839,17:34:00,17:34:00,233,1,0,0
839,17:44:00,17:44:00,206,2,0,0
839,17:54:00,17:54:00,297,3,0,0
839,18:03:00,18:04:00,301,4,0,0
839,18:12:00,18:13:00,408,5,0,0
839,18:21:00,18:21:00,256,6,0,0
839,18:25:00,18:26:00,307,7,0,0
839,18:32:00,18:32:00,433,8,0,0
839,18:42:00,18:42:00,374,9,0,0
839,18:52:00,18:52:00,362,10,0,0
839,18:55:00,18:56:00,540,11,0,0
839,18:59:00,18:59:00,238,12,0,0
839,19:05:00,19:06:00,400,13,0,0
839,19:16:00,19:16:00,1,14,0,0
6737,17:35:00,17:35:00,1,1,0,0
6737,17:39:00,17:39:00,386,2,0,0
6737,17:41:00,17:42:00,500,3,0,0
6737,17:44:00,17:44:00,387,4,0,0
6737,17:47:00,17:47:00,388,5,0,0
6737,17:50:00,17:51:00,520,6,0,0
6737,17:55:00,17:55:00,346,7,0,0
6737,17:59:00,18:01:00,340,8,0,0
6737,18:06:00,18:07:00,239,9,0,0
6737,18:10:00,18:11:00,232,10,0,0
6737,18:13:00,18:14:00,342,11,0,0
6737,18:17:00,18:18:00,237,12,0,0
6737,18:22:00,18:22:00,349,13,0,0
871,17:37:00,17:37:00,460,1,0,0
871,17:43:00,17:44:00,312,2,0,0
871,18:00:00,18:01:00,419,3,0,0
871,18:16:00,18:17:00,432,4,0,0
871,18:29:00,18:30:00,309,5,0,0
871,18:37:00,18:37:00,323,6,0,0
871,18:44:00,18:45:00,233,7,0,0
871,19:06:00,19:07:00,301,8,0,0
871,19:15:00,19:16:00,408,9,0,0
871,19:24:00,19:24:00,256,10,0,0
871,19:28:00,19:29:00,307,11,0,0
871,19:34:00,19:35:00,433,12,0,0
871,19:44:00,19:45:00,374,13,0,0
871,19:54:00,19:55:00,362,14,0,0
871,19:58:00,19:58:00,540,15,0,0
871,20:01:00,20:02:00,238,16,0,0
871,20:08:00,20:08:00,400,17,0,0
871,20:18:00,20:18:00,1,18,0,0
6152,17:38:00,17:38:00,1,1,0,0
6152,17:44:00,17:45:00,400,2,0,0
6152,17:47:00,17:47:00,225,3,0,0
6152,17:49:00,17:50:00,382,4,0,0
6152,17:51:00,17:52:00,501,5,0,0
6152,17:54:00,17:54:00,385,6,0,0
6152,17:57:00,17:58:00,452,7,0,0
6152,18:01:00,18:01:00,449,8,0,0
6152,18:03:00,18:04:00,451,9,0,0
6152,18:06:00,18:07:00,258,10,0,0
6152,18:10:00,18:10:00,276,11,0,0
6152,18:13:00,18:13:00,281,12,0,0
6152,18:16:00,18:17:00,230,13,0,0
6152,18:19:00,18:19:00,282,14,0,0
6152,18:23:00,18:24:00,306,15,0,0
6152,18:29:00,18:30:00,310,16,0,0
6152,18:32:00,18:32:00,352,17,0,0
6152,18:36:00,18:37:00,398,18,0,0
6152,18:39:00,18:39:00,287,19,0,0
6152,18:41:00,18:42:00,453,20,0,0
6152,18:45:00,18:45:00,399,21,0,0
6250,17:39:00,17:39:00,1,1,0,0
6250,17:44:00,17:44:00,450,2,0,0
6250,17:48:00,17:49:00,331,3,0,0
6250,17:50:00,17:51:00,245,4,0,0
6250,17:52:00,17:53:00,421,5,0,0
6250,17:54:00,17:55:00,274,6,0,0
6250,17:59:00,18:00:00,250,7,0,0
6250,18:01:00,18:02:00,380,8,0,0
6250,18:06:00,18:07:00,384,9,0,0
6250,18:10:00,18:11:00,299,10,0,0
6250,18:15:00,18:15:00,343,11,0,0
6250,18:17:00,18:18:00,339,12,0,0
6250,18:19:00,18:20:00,354,13,0,0
6250,18:23:00,18:23:00,235,14,0,0
6250,18:27:00,18:28:00,283,15,0,0
6250,18:32:00,18:33:00,298,16,0,0
6250,18:37:00,18:37:00,367,17,0,0
6250,18:41:00,18:42:00,364,18,0,0
6250,18:48:00,18:48:00,412,19,0,0
6250,18:53:00,18:53:00,330,20,0,0
6250,18:58:00,18:58:00,203,21,0,0
841,17:39:00,17:39:00,408,1,0,0
841,17:48:00,17:48:00,256,2,0,0
841,17:52:00,17:53:00,307,3,0,0
841,17:59:00,17:59:00,433,4,0,0
841,18:05:00,18:05:00,271,5,0,0
841,18:12:00,18:12:00,374,6,0,0
841,18:22:00,18:22:00,362,7,0,0
841,18:25:00,18:26:00,540,8,0,0
841,18:29:00,18:29:00,238,9,0,0
841,18:35:00,18:36:00,400,10,0,0
841,18:46:00,18:46:00,1,11,0,0
6740,17:39:00,17:39:00,349,1,0,0
6740,17:42:00,17:43:00,237,2,0,0
6740,17:47:00,17:47:00,342,3,0,0
6740,17:50:00,17:50:00,232,4,0,0
6740,17:54:00,17:55:00,239,5,0,0
6740,17:59:00,18:01:00,340,6,0,0
6740,18:04:00,18:05:00,346,7,0,0
6740,18:09:00,18:09:00,520,8,0,0
6740,18:12:00,18:13:00,388,9,0,0
6740,18:15:00,18:16:00,387,10,0,0
6740,18:17:00,18:18:00,500,11,0,0
6740,18:20:00,18:21:00,386,12,0,0
6740,18:25:00,18:25:00,1,13,0,0
844,17:45:00,17:45:00,1,1,0,0
844,17:53:00,17:54:00,400,2,0,0
844,17:58:00,17:59:00,238,3,0,0
844,18:02:00,18:02:00,540,4,0,0
844,18:06:00,18:06:00,362,5,0,0
844,18:16:00,18:17:00,374,6,0,0
844,18:24:00,18:25:00,271,7,0,0
844,18:31:00,18:31:00,433,8,0,0
844,18:38:00,18:38:00,307,9,0,0
844,18:42:00,18:43:00,256,10,0,0
844,18:53:00,18:53:00,408,11,0,0
6529,17:45:00,17:45:00,1,1,0,0
6529,17:48:00,17:49:00,386,2,0,0
6529,17:53:00,17:53:00,391,3,0,0
6529,17:56:00,17:56:00,392,4,0,0
6529,17:58:00,17:58:00,305,5,0,0
6529,18:05:00,18:05:00,229,6,0,0
6529,18:07:00,18:08:00,255,7,0,0
6529,18:09:00,18:10:00,316,8,0,0
6529,18:12:00,18:13:00,252,9,0,0
6529,18:23:00,18:24:00,394,10,0,0
6529,18:28:00,18:29:00,275,11,0,0
6529,18:32:00,18:34:00,286,12,0,0
6529,18:40:00,18:41:00,395,13,0,0
6529,18:46:00,18:46:00,328,14,0,0
6529,18:50:00,18:51:00,396,15,0,0
6529,18:55:00,18:55:00,397,16,0,0
6433,18:00:00,18:00:00,1,1,0,0
6433,18:03:00,18:04:00,386,2,0,0
6433,18:08:00,18:09:00,391,3,0,0
6433,18:10:00,18:11:00,248,4,0,0
6433,18:12:00,18:13:00,392,5,0,0
6433,18:14:00,18:15:00,305,6,0,0
6433,18:18:00,18:18:00,213,7,0,0
6433,18:22:00,18:22:00,358,8,0,0
6433,18:24:00,18:25:00,296,9,0,0
6433,18:26:00,18:27:00,229,10,0,0
6433,18:29:00,18:30:00,255,11,0,0
6433,18:31:00,18:32:00,316,12,0,0
6433,18:34:00,18:35:00,252,13,0,0
6433,18:37:00,18:38:00,336,14,0,0
6433,18:39:00,18:40:00,359,15,0,0
6433,18:42:00,18:42:00,322,16,0,0
6433,18:44:00,18:44:00,207,17,0,0
6433,18:46:00,18:46:00,393,18,0,0
6433,18:50:00,18:50:00,394,19,0,0
814,18:01:00,18:01:00,1,1,0,0
814,18:10:00,18:11:00,331,2,0,0
814,18:34:00,18:35:00,339,3,0,0
814,18:48:00,18:49:00,298,4,0,0
814,19:11:00,19:12:00,203,5,0,0
814,19:22:00,19:23:00,267,6,0,0
814,19:31:00,19:32:00,204,7,0,0
814,19:42:00,19:43:00,357,8,0,0
814,19:57:00,19:58:00,273,9,0,0
814,20:11:00,20:12:00,427,10,0,0
814,20:22:00,20:23:00,308,11,0,0
814,20:33:00,20:33:00,360,12,0,0
814,20:46:00,20:46:00,335,13,0,0
814,20:56:00,20:57:00,430,14,0,0
814,21:02:00,21:02:00,304,15,0,0
814,21:15:00,21:15:00,243,16,0,0
6883,18:04:00,18:04:00,1,1,0,0
6883,18:09:00,18:11:00,386,2,0,0
6883,18:15:00,18:16:00,387,3,0,0
6883,18:29:00,18:31:00,340,4,0,0
6883,18:42:00,18:43:00,342,5,0,0
6883,18:47:00,18:48:00,237,6,0,0
6883,18:53:00,18:53:00,349,7,0,0
6882,18:05:00,18:05:00,349,1,0,0
6882,18:09:00,18:10:00,237,2,0,0
6882,18:15:00,18:16:00,342,3,0,0
6882,18:28:00,18:30:00,340,4,0,0
6882,18:43:00,18:44:00,387,5,0,0
6882,18:48:00,18:49:00,386,6,0,0
6882,18:54:00,18:54:00,1,7,0,0
6154,18:08:00,18:08:00,1,1,0,0
6154,18:14:00,18:15:00,400,2,0,0
6154,18:17:00,18:17:00,225,3,0,0
6154,18:19:00,18:20:00,382,4,0,0
6154,18:21:00,18:22:00,501,5,0,0
6154,18:24:00,18:24:00,385,6,0,0
6154,18:27:00,18:28:00,452,7,0,0
6154,18:31:00,18:31:00,449,8,0,0
6154,18:33:00,18:34:00,451,9,0,0
6154,18:36:00,18:37:00,258,10,0,0
6154,18:40:00,18:40:00,276,11,0,0
6154,18:43:00,18:43:00,281,12,0,0
6154,18:46:00,18:47:00,230,13,0,0
6154,18:49:00,18:49:00,282,14,0,0
6154,18:53:00,18:54:00,306,15,0,0
6154,19:00:00,19:01:00,352,16,0,0
6154,19:04:00,19:04:00,398,17,0,0
6430,18:09:00,18:09:00,394,1,0,0
6430,18:13:00,18:13:00,393,2,0,0
6430,18:15:00,18:15:00,207,3,0,0
6430,18:17:00,18:17:00,322,4,0,0
6430,18:19:00,18:19:00,359,5,0,0
6430,18:21:00,18:21:00,336,6,0,0
6430,18:23:00,18:24:00,252,7,0,0
6430,18:26:00,18:27:00,316,8,0,0
6430,18:29:00,18:29:00,255,9,0,0
6430,18:31:00,18:32:00,229,10,0,0
6430,18:34:00,18:34:00,296,11,0,0
6430,18:36:00,18:37:00,358,12,0,0
6430,18:40:00,18:41:00,213,13,0,0
6430,18:43:00,18:44:00,305,14,0,0
6430,18:46:00,18:46:00,392,15,0,0
6430,18:48:00,18:48:00,248,16,0,0
6430,18:50:00,18:51:00,391,17,0,0
6430,18:55:00,18:55:00,386,18,0,0
6430,18:59:00,18:59:00,1,19,0,0
6342,18:09:00,18:09:00,252,1,0,0
6342,18:11:00,18:12:00,316,2,0,0
6342,18:13:00,18:14:00,255,3,0,0
6342,18:16:00,18:16:00,229,4,0,0
6342,18:18:00,18:18:00,296,5,0,0
6342,18:20:00,18:21:00,358,6,0,0
6342,18:24:00,18:25:00,213,7,0,0
6342,18:27:00,18:28:00,305,8,0,0
6342,18:30:00,18:30:00,392,9,0,0
6342,18:33:00,18:34:00,391,10,0,0
6342,18:38:00,18:40:00,386,11,0,0
6342,18:44:00,18:44:00,1,12,0,0
6252,18:09:00,18:09:00,1,1,0,0
6252,18:14:00,18:14:00,450,2,0,0
6252,18:18:00,18:19:00,331,3,0,0
6252,18:20:00,18:21:00,245,4,0,0
6252,18:22:00,18:23:00,421,5,0,0
6252,18:24:00,18:25:00,274,6,0,0
6252,18:26:00,18:27:00,377,7,0,0
6252,18:28:00,18:29:00,241,8,0,0
6252,18:32:00,18:32:00,250,9,0,0
6252,18:34:00,18:35:00,380,10,0,0
6252,18:39:00,18:39:00,384,11,0,0
6252,18:43:00,18:44:00,299,12,0,0
6252,18:48:00,18:48:00,343,13,0,0
6252,18:50:00,18:51:00,339,14,0,0
6252,18:52:00,18:53:00,354,15,0,0
6252,18:56:00,18:56:00,235,16,0,0
6252,19:00:00,19:01:00,283,17,0,0
6252,19:06:00,19:06:00,298,18,0,0
825,18:10:00,18:10:00,243,1,0,0
825,18:23:00,18:24:00,304,2,0,0
825,18:29:00,18:29:00,430,3,0,0
825,18:40:00,18:40:00,335,4,0,0
825,18:59:00,19:00:00,360,5,0,0
825,19:10:00,19:11:00,308,6,0,0
825,19:22:00,19:22:00,427,7,0,0
825,19:36:00,19:37:00,273,8,0,0
825,19:51:00,19:52:00,357,9,0,0
825,20:02:00,20:02:00,204,10,0,0
825,20:10:00,20:10:00,267,11,0,0
825,20:20:00,20:21:00,203,12,0,0
825,20:44:00,20:45:00,298,13,0,0
825,20:57:00,20:58:00,339,14,0,0
825,21:19:00,21:20:00,331,15,0,0
825,21:29:00,21:29:00,1,16,0,0
6534,18:11:00,18:11:00,397,1,0,0
6534,18:15:00,18:16:00,396,2,0,0
6534,18:19:00,18:20:00,328,3,0,0
6534,18:25:00,18:25:00,395,4,0,0
6534,18:32:00,18:33:00,286,5,0,0
6534,18:40:00,18:41:00,394,6,0,0
6534,18:44:00,18:45:00,393,7,0,0
6534,18:46:00,18:47:00,207,8,0,0
6534,18:48:00,18:49:00,322,9,0,0
6534,18:50:00,18:51:00,359,10,0,0
6534,18:52:00,18:53:00,336,11,0,0
6534,18:55:00,18:56:00,252,12,0,0
6534,18:58:00,18:58:00,316,13,0,0
6534,19:00:00,19:00:00,255,14,0,0
6534,19:02:00,19:03:00,229,15,0,0
6534,19:04:00,19:05:00,296,16,0,0
6534,19:06:00,19:07:00,358,17,0,0
6534,19:11:00,19:11:00,213,18,0,0
6534,19:14:00,19:14:00,305,19,0,0
6534,19:16:00,19:16:00,392,20,0,0
6534,19:18:00,19:18:00,248,21,0,0
6534,19:20:00,19:21:00,391,22,0,0
6534,19:25:00,19:25:00,386,23,0,0
6534,19:29:00,19:29:00,1,24,0,0
6345,18:15:00,18:15:00,1,1,0,0
6345,18:18:00,18:19:00,386,2,0,0
6345,18:23:00,18:24:00,391,3,0,0
6345,18:25:00,18:26:00,248,4,0,0
6345,18:27:00,18:28:00,392,5,0,0
6345,18:29:00,18:30:00,305,6,0,0
6345,18:33:00,18:33:00,213,7,0,0
6345,18:37:00,18:37:00,358,8,0,0
6345,18:39:00,18:40:00,296,9,0,0
6345,18:41:00,18:42:00,229,10,0,0
6345,18:44:00,18:44:00,255,11,0,0
6345,18:46:00,18:47:00,316,12,0,0
6345,18:49:00,18:49:00,252,13,0,0
6153,18:15:00,18:15:00,230,1,0,0
6153,18:17:00,18:18:00,281,2,0,0
6153,18:20:00,18:21:00,276,3,0,0
6153,18:24:00,18:24:00,258,4,0,0
6153,18:27:00,18:27:00,451,5,0,0
6153,18:29:00,18:30:00,449,6,0,0
6153,18:32:00,18:33:00,452,7,0,0
6153,18:36:00,18:37:00,385,8,0,0
6153,18:39:00,18:39:00,501,9,0,0
6153,18:41:00,18:41:00,382,10,0,0
6153,18:43:00,18:44:00,225,11,0,0
6153,18:46:00,18:47:00,400,12,0,0
6153,18:53:00,18:53:00,1,13,0,0
6155,18:17:00,18:17:00,399,1,0,0
6155,18:20:00,18:20:00,453,2,0,0
6155,18:22:00,18:23:00,287,3,0,0
6155,18:25:00,18:26:00,398,4,0,0
6155,18:29:00,18:29:00,352,5,0,0
6155,18:31:00,18:32:00,310,6,0,0
6155,18:37:00,18:37:00,306,7,0,0
6155,18:41:00,18:42:00,282,8,0,0
6155,18:44:00,18:45:00,230,9,0,0
6155,18:47:00,18:48:00,281,10,0,0
6155,18:50:00,18:51:00,276,11,0,0
6155,18:54:00,18:54:00,258,12,0,0
6155,18:57:00,18:57:00,451,13,0,0
6155,18:59:00,19:00:00,449,14,0,0
6155,19:02:00,19:03:00,452,15,0,0
6155,19:06:00,19:07:00,385,16,0,0
6155,19:09:00,19:09:00,501,17,0,0
6155,19:11:00,19:11:00,382,18,0,0
6155,19:13:00,19:14:00,225,19,0,0
6155,19:16:00,19:17:00,400,20,0,0
6155,19:23:00,19:23:00,1,21,0,0
723,18:20:00,18:20:00,1,1,0,0
723,18:25:00,18:26:00,386,2,0,0
723,18:41:00,18:42:00,340,3,0,0
723,18:59:00,19:04:00,349,4,0,0
723,19:26:00,19:27:00,249,5,0,0
723,19:45:00,19:47:00,222,6,0,0
723,20:13:00,20:15:00,381,7,0,0
723,20:39:00,20:40:00,413,8,0,0
723,21:39:00,21:39:00,300,9,0,0
6255,18:24:00,18:24:00,298,1,0,0
6255,18:28:00,18:29:00,283,2,0,0
6255,18:33:00,18:33:00,235,3,0,0
6255,18:36:00,18:37:00,354,4,0,0
6255,18:39:00,18:40:00,339,5,0,0
6255,18:41:00,18:42:00,343,6,0,0
6255,18:46:00,18:46:00,299,7,0,0
6255,18:50:00,18:50:00,384,8,0,0
6255,18:54:00,18:55:00,380,9,0,0
6255,18:57:00,18:57:00,250,10,0,0
6255,19:00:00,19:00:00,241,11,0,0
6255,19:02:00,19:02:00,377,12,0,0
6255,19:04:00,19:04:00,274,13,0,0
6255,19:06:00,19:07:00,421,14,0,0
6255,19:08:00,19:09:00,245,15,0,0
6255,19:10:00,19:11:00,331,16,0,0
6255,19:15:00,19:16:00,450,17,0,0
6255,19:21:00,19:21:00,1,18,0,0
6435,18:30:00,18:30:00,1,1,0,0
6435,18:33:00,18:34:00,386,2,0,0
6435,18:38:00,18:39:00,391,3,0,0
6435,18:40:00,18:41:00,248,4,0,0
6435,18:42:00,18:43:00,392,5,0,0
6435,18:44:00,18:45:00,305,6,0,0
6435,18:47:00,18:48:00,213,7,0,0
6435,18:51:00,18:52:00,358,8,0,0
6435,18:53:00,18:54:00,296,9,0,0
6435,18:56:00,18:56:00,229,10,0,0
6435,18:58:00,18:59:00,255,11,0,0
6435,19:00:00,19:01:00,316,12,0,0
6435,19:03:00,19:04:00,252,13,0,0
6435,19:06:00,19:07:00,336,14,0,0
6435,19:08:00,19:09:00,359,15,0,0
6435,19:11:00,19:11:00,322,16,0,0
6435,19:13:00,19:13:00,207,17,0,0
6435,19:15:00,19:15:00,393,18,0,0
6435,19:19:00,19:19:00,394,19,0,0
876,18:30:00,18:30:00,1,1,0,0
876,18:38:00,18:39:00,400,2,0,0
876,18:46:00,18:47:00,362,3,0,0
876,18:57:00,18:57:00,374,4,0,0
876,19:13:00,19:14:00,307,5,0,0
876,19:25:00,19:26:00,408,6,0,0
876,19:36:00,19:36:00,301,7,0,0
876,20:04:00,20:06:00,233,8,0,0
876,20:18:00,20:19:00,309,9,0,0
876,20:31:00,20:32:00,432,10,0,0
876,20:48:00,20:49:00,419,11,0,0
876,21:06:00,21:06:00,312,12,0,0
876,21:12:00,21:12:00,460,13,0,0
6253,18:31:00,18:31:00,339,1,0,0
6253,18:33:00,18:33:00,343,2,0,0
6253,18:37:00,18:38:00,299,3,0,0
6253,18:41:00,18:42:00,384,4,0,0
6253,18:46:00,18:47:00,380,5,0,0
6253,18:48:00,18:49:00,250,6,0,0
6253,18:54:00,18:55:00,421,7,0,0
6253,18:56:00,18:57:00,245,8,0,0
6253,18:58:00,18:59:00,331,9,0,0
6253,19:03:00,19:04:00,450,10,0,0
6253,19:09:00,19:09:00,1,11,0,0
6432,18:32:00,18:32:00,394,1,0,0
6432,18:41:00,18:42:00,252,2,0,0
6432,18:44:00,18:45:00,316,3,0,0
6432,18:47:00,18:47:00,255,4,0,0
6432,18:49:00,18:50:00,229,5,0,0
6432,18:51:00,18:52:00,296,6,0,0
6432,18:58:00,18:58:00,305,7,0,0
6432,19:00:00,19:00:00,392,8,0,0
6432,19:03:00,19:04:00,391,9,0,0
6432,19:08:00,19:10:00,386,10,0,0
6432,19:14:00,19:14:00,1,11,0,0
6257,18:33:00,18:33:00,203,1,0,0
6257,18:37:00,18:37:00,330,2,0,0
6257,18:41:00,18:42:00,412,3,0,0
6257,18:48:00,18:48:00,364,4,0,0
6257,18:52:00,18:53:00,367,5,0,0
6257,18:57:00,18:58:00,298,6,0,0
6257,19:02:00,19:02:00,283,7,0,0
6257,19:06:00,19:07:00,235,8,0,0
6257,19:10:00,19:11:00,354,9,0,0
6257,19:12:00,19:13:00,339,10,0,0
6257,19:15:00,19:15:00,343,11,0,0
6257,19:19:00,19:20:00,299,12,0,0
6257,19:23:00,19:24:00,384,13,0,0
6257,19:28:00,19:29:00,380,14,0,0
6257,19:30:00,19:31:00,250,15,0,0
6257,19:36:00,19:37:00,421,16,0,0
6257,19:38:00,19:39:00,245,17,0,0
6257,19:40:00,19:41:00,331,18,0,0
6257,19:45:00,19:46:00,450,19,0,0
6257,19:51:00,19:51:00,1,20,0,0
6741,18:35:00,18:35:00,1,1,0,0
6741,18:39:00,18:39:00,386,2,0,0
6741,18:41:00,18:42:00,500,3,0,0
6741,18:44:00,18:44:00,387,4,0,0
6741,18:47:00,18:47:00,388,5,0,0
6741,18:50:00,18:51:00,520,6,0,0
6741,18:55:00,18:55:00,346,7,0,0
6741,18:59:00,19:01:00,340,8,0,0
6741,19:06:00,19:07:00,239,9,0,0
6741,19:10:00,19:11:00,232,10,0,0
6741,19:13:00,19:14:00,342,11,0,0
6741,19:17:00,19:18:00,237,12,0,0
6741,19:22:00,19:22:00,349,13,0,0
6744,18:36:00,18:36:00,349,1,0,0
6744,18:39:00,18:40:00,237,2,0,0
6744,18:44:00,18:44:00,342,3,0,0
6744,18:47:00,18:51:00,232,4,0,0
6744,18:55:00,18:55:00,239,5,0,0
6744,19:00:00,19:01:00,340,6,0,0
6744,19:04:00,19:05:00,346,7,0,0
6744,19:09:00,19:09:00,520,8,0,0
6744,19:12:00,19:13:00,388,9,0,0
6744,19:15:00,19:16:00,387,10,0,0
6744,19:17:00,19:18:00,500,11,0,0
6744,19:20:00,19:21:00,386,12,0,0
6744,19:25:00,19:25:00,1,13,0,0
6156,18:38:00,18:38:00,1,1,0,0
6156,18:44:00,18:45:00,400,2,0,0
6156,18:47:00,18:47:00,225,3,0,0
6156,18:49:00,18:50:00,382,4,0,0
6156,18:51:00,18:52:00,501,5,0,0
6156,18:54:00,18:54:00,385,6,0,0
6156,18:57:00,18:58:00,452,7,0,0
6156,19:01:00,19:01:00,449,8,0,0
6156,19:03:00,19:04:00,451,9,0,0
6156,19:06:00,19:07:00,258,10,0,0
6156,19:10:00,19:10:00,276,11,0,0
6156,19:13:00,19:13:00,281,12,0,0
6156,19:16:00,19:17:00,230,13,0,0
6156,19:19:00,19:19:00,282,14,0,0
6156,19:23:00,19:24:00,306,15,0,0
6156,19:29:00,19:30:00,310,16,0,0
6156,19:32:00,19:32:00,352,17,0,0
6156,19:36:00,19:37:00,398,18,0,0
6156,19:39:00,19:39:00,287,19,0,0
6156,19:41:00,19:42:00,453,20,0,0
6156,19:45:00,19:45:00,399,21,0,0
6254,18:39:00,18:39:00,1,1,0,0
6254,18:44:00,18:44:00,450,2,0,0
6254,18:48:00,18:49:00,331,3,0,0
6254,18:50:00,18:51:00,245,4,0,0
6254,18:52:00,18:53:00,421,5,0,0
6254,18:54:00,18:55:00,274,6,0,0
6254,18:59:00,19:00:00,250,7,0,0
6254,19:01:00,19:02:00,380,8,0,0
6254,19:06:00,19:07:00,384,9,0,0
6254,19:10:00,19:11:00,299,10,0,0
6254,19:15:00,19:15:00,343,11,0,0
6254,19:17:00,19:18:00,339,12,0,0
6254,19:19:00,19:20:00,354,13,0,0
6254,19:23:00,19:23:00,235,14,0,0
6254,19:27:00,19:28:00,283,15,0,0
6254,19:32:00,19:33:00,298,16,0,0
6254,19:37:00,19:37:00,367,17,0,0
6254,19:41:00,19:42:00,364,18,0,0
6254,19:48:00,19:48:00,412,19,0,0
6254,19:53:00,19:53:00,330,20,0,0
6254,19:58:00,19:58:00,203,21,0,0
6533,18:45:00,18:45:00,1,1,0,0
6533,18:48:00,18:49:00,386,2,0,0
6533,18:53:00,18:53:00,391,3,0,0
6533,18:56:00,18:56:00,392,4,0,0
6533,18:58:00,18:58:00,305,5,0,0
6533,19:05:00,19:05:00,229,6,0,0
6533,19:07:00,19:08:00,255,7,0,0
6533,19:09:00,19:10:00,316,8,0,0
6533,19:12:00,19:13:00,252,9,0,0
6533,19:23:00,19:24:00,394,10,0,0
6533,19:31:00,19:32:00,286,11,0,0
6533,19:38:00,19:39:00,395,12,0,0
6533,19:44:00,19:44:00,328,13,0,0
6533,19:48:00,19:49:00,396,14,0,0
6533,19:53:00,19:53:00,397,15,0,0
6157,18:57:00,18:57:00,398,1,0,0
6157,19:00:00,19:00:00,352,2,0,0
6157,19:07:00,19:07:00,306,3,0,0
6157,19:11:00,19:12:00,282,4,0,0
6157,19:14:00,19:15:00,230,5,0,0
6157,19:17:00,19:18:00,281,6,0,0
6157,19:20:00,19:21:00,276,7,0,0
6157,19:24:00,19:24:00,258,8,0,0
6157,19:27:00,19:27:00,451,9,0,0
6157,19:29:00,19:30:00,449,10,0,0
6157,19:32:00,19:33:00,452,11,0,0
6157,19:36:00,19:37:00,385,12,0,0
6157,19:39:00,19:39:00,501,13,0,0
6157,19:41:00,19:41:00,382,14,0,0
6157,19:43:00,19:44:00,225,15,0,0
6157,19:46:00,19:47:00,400,16,0,0
6157,19:53:00,19:53:00,1,17,0,0
6437,19:00:00,19:00:00,1,1,0,0
6437,19:03:00,19:04:00,386,2,0,0
6437,19:08:00,19:09:00,391,3,0,0
6437,19:10:00,19:11:00,248,4,0,0
6437,19:12:00,19:13:00,392,5,0,0
6437,19:14:00,19:15:00,305,6,0,0
6437,19:18:00,19:18:00,213,7,0,0
6437,19:22:00,19:22:00,358,8,0,0
6437,19:24:00,19:25:00,296,9,0,0
6437,19:26:00,19:27:00,229,10,0,0
6437,19:29:00,19:30:00,255,11,0,0
6437,19:31:00,19:32:00,316,12,0,0
6437,19:34:00,19:35:00,252,13,0,0
6437,19:37:00,19:38:00,336,14,0,0
6437,19:39:00,19:40:00,359,15,0,0
6437,19:42:00,19:42:00,322,16,0,0
6437,19:44:00,19:44:00,207,17,0,0
6437,19:46:00,19:46:00,393,18,0,0
6437,19:50:00,19:50:00,394,19,0,0
820,19:01:00,19:01:00,1,1,0,0
820,19:10:00,19:11:00,331,2,0,0
820,19:34:00,19:35:00,339,3,0,0
820,19:48:00,19:49:00,298,4,0,0
820,20:04:00,20:05:00,412,5,0,0
820,20:13:00,20:14:00,203,6,0,0
820,20:24:00,20:25:00,267,7,0,0
820,20:41:00,20:42:00,357,8,0,0
820,20:59:00,20:59:00,341,9,0,0
820,21:05:00,21:06:00,260,10,0,0
820,21:13:00,21:13:00,319,11,0,0
820,21:26:00,21:27:00,315,12,0,0
820,21:40:00,21:40:00,234,13,0,0
820,21:58:00,21:59:00,338,14,0,0
820,22:14:00,22:14:00,291,15,0,0
6884,19:05:00,19:05:00,349,1,0,0
6884,19:09:00,19:10:00,237,2,0,0
6884,19:15:00,19:16:00,342,3,0,0
6884,19:28:00,19:29:00,340,4,0,0
6884,19:42:00,19:43:00,387,5,0,0
6884,19:47:00,19:48:00,386,6,0,0
6884,19:53:00,19:53:00,1,7,0,0
6158,19:08:00,19:08:00,1,1,0,0
6158,19:14:00,19:15:00,400,2,0,0
6158,19:17:00,19:17:00,225,3,0,0
6158,19:19:00,19:20:00,382,4,0,0
6158,19:21:00,19:22:00,501,5,0,0
6158,19:24:00,19:24:00,385,6,0,0
6158,19:27:00,19:28:00,452,7,0,0
6158,19:31:00,19:31:00,449,8,0,0
6158,19:33:00,19:34:00,451,9,0,0
6158,19:36:00,19:37:00,258,10,0,0
6158,19:40:00,19:40:00,276,11,0,0
6158,19:43:00,19:43:00,281,12,0,0
6158,19:46:00,19:47:00,230,13,0,0
6158,19:49:00,19:49:00,282,14,0,0
6158,19:53:00,19:54:00,306,15,0,0
6158,20:00:00,20:01:00,352,16,0,0
6158,20:04:00,20:04:00,398,17,0,0
6346,19:09:00,19:09:00,252,1,0,0
6346,19:11:00,19:12:00,316,2,0,0
6346,19:13:00,19:14:00,255,3,0,0
6346,19:16:00,19:16:00,229,4,0,0
6346,19:18:00,19:18:00,296,5,0,0
6346,19:20:00,19:21:00,358,6,0,0
6346,19:24:00,19:25:00,213,7,0,0
6346,19:27:00,19:28:00,305,8,0,0
6346,19:30:00,19:30:00,392,9,0,0
6346,19:33:00,19:34:00,391,10,0,0
6346,19:38:00,19:40:00,386,11,0,0
6346,19:44:00,19:44:00,1,12,0,0
6434,19:09:00,19:09:00,394,1,0,0
6434,19:13:00,19:13:00,393,2,0,0
6434,19:15:00,19:15:00,207,3,0,0
6434,19:17:00,19:17:00,322,4,0,0
6434,19:19:00,19:19:00,359,5,0,0
6434,19:21:00,19:21:00,336,6,0,0
6434,19:23:00,19:24:00,252,7,0,0
6434,19:26:00,19:27:00,316,8,0,0
6434,19:29:00,19:29:00,255,9,0,0
6434,19:31:00,19:32:00,229,10,0,0
6434,19:34:00,19:34:00,296,11,0,0
6434,19:36:00,19:37:00,358,12,0,0
6434,19:40:00,19:41:00,213,13,0,0
6434,19:43:00,19:44:00,305,14,0,0
6434,19:46:00,19:46:00,392,15,0,0
6434,19:48:00,19:48:00,248,16,0,0
6434,19:50:00,19:51:00,391,17,0,0
6434,19:55:00,19:55:00,386,18,0,0
6434,19:59:00,19:59:00,1,19,0,0
6536,19:09:00,19:09:00,397,1,0,0
6536,19:13:00,19:14:00,396,2,0,0
6536,19:17:00,19:18:00,328,3,0,0
6536,19:23:00,19:23:00,395,4,0,0
6536,19:30:00,19:32:00,286,5,0,0
6536,19:35:00,19:35:00,275,6,0,0
6536,19:40:00,19:41:00,394,7,0,0
6536,19:44:00,19:45:00,393,8,0,0
6536,19:46:00,19:47:00,207,9,0,0
6536,19:48:00,19:49:00,322,10,0,0
6536,19:50:00,19:51:00,359,11,0,0
6536,19:52:00,19:53:00,336,12,0,0
6536,19:55:00,19:56:00,252,13,0,0
6536,19:58:00,19:58:00,316,14,0,0
6536,20:00:00,20:00:00,255,15,0,0
6536,20:02:00,20:03:00,229,16,0,0
6536,20:04:00,20:05:00,296,17,0,0
6536,20:06:00,20:07:00,358,18,0,0
6536,20:11:00,20:11:00,213,19,0,0
6536,20:14:00,20:14:00,305,20,0,0
6536,20:16:00,20:16:00,392,21,0,0
6536,20:18:00,20:18:00,248,22,0,0
6536,20:20:00,20:21:00,391,23,0,0
6536,20:25:00,20:25:00,386,24,0,0
6536,20:29:00,20:29:00,1,25,0,0
6256,19:09:00,19:09:00,1,1,0,0
6256,19:14:00,19:14:00,450,2,0,0
6256,19:18:00,19:19:00,331,3,0,0
6256,19:20:00,19:21:00,245,4,0,0
6256,19:22:00,19:23:00,421,5,0,0
6256,19:24:00,19:25:00,274,6,0,0
6256,19:26:00,19:27:00,377,7,0,0
6256,19:28:00,19:29:00,241,8,0,0
6256,19:32:00,19:32:00,250,9,0,0
6256,19:34:00,19:35:00,380,10,0,0
6256,19:39:00,19:39:00,384,11,0,0
6256,19:43:00,19:44:00,299,12,0,0
6256,19:48:00,19:48:00,343,13,0,0
6256,19:50:00,19:51:00,339,14,0,0
6256,19:52:00,19:53:00,354,15,0,0
6256,19:56:00,19:56:00,235,16,0,0
6256,20:00:00,20:01:00,283,17,0,0
6256,20:06:00,20:06:00,298,18,0,0
6349,19:15:00,19:15:00,1,1,0,0
6349,19:18:00,19:19:00,386,2,0,0
6349,19:23:00,19:24:00,391,3,0,0
6349,19:25:00,19:26:00,248,4,0,0
6349,19:27:00,19:28:00,392,5,0,0
6349,19:29:00,19:30:00,305,6,0,0
6349,19:33:00,19:33:00,213,7,0,0
6349,19:37:00,19:37:00,358,8,0,0
6349,19:39:00,19:40:00,296,9,0,0
6349,19:41:00,19:42:00,229,10,0,0
6349,19:44:00,19:44:00,255,11,0,0
6349,19:46:00,19:47:00,316,12,0,0
6349,19:49:00,19:49:00,252,13,0,0
6159,19:17:00,19:17:00,399,1,0,0
6159,19:20:00,19:20:00,453,2,0,0
6159,19:22:00,19:23:00,287,3,0,0
6159,19:25:00,19:26:00,398,4,0,0
6159,19:29:00,19:29:00,352,5,0,0
6159,19:31:00,19:32:00,310,6,0,0
6159,19:37:00,19:37:00,306,7,0,0
6159,19:41:00,19:42:00,282,8,0,0
6159,19:44:00,19:45:00,230,9,0,0
6159,19:47:00,19:48:00,281,10,0,0
6159,19:50:00,19:51:00,276,11,0,0
6159,19:54:00,19:54:00,258,12,0,0
6159,19:57:00,19:57:00,451,13,0,0
6159,19:59:00,20:00:00,449,14,0,0
6159,20:02:00,20:03:00,452,15,0,0
6159,20:06:00,20:07:00,385,16,0,0
6159,20:09:00,20:09:00,501,17,0,0
6159,20:11:00,20:11:00,382,18,0,0
6159,20:13:00,20:14:00,225,19,0,0
6159,20:16:00,20:17:00,400,20,0,0
6159,20:23:00,20:23:00,1,21,0,0
6259,19:27:00,19:27:00,298,1,0,0
6259,19:31:00,19:32:00,283,2,0,0
6259,19:36:00,19:36:00,235,3,0,0
6259,19:39:00,19:40:00,354,4,0,0
6259,19:42:00,19:43:00,339,5,0,0
6259,19:44:00,19:45:00,343,6,0,0
6259,19:49:00,19:49:00,299,7,0,0
6259,19:53:00,19:53:00,384,8,0,0
6259,19:57:00,19:58:00,380,9,0,0
6259,20:00:00,20:00:00,250,10,0,0
6259,20:06:00,20:07:00,421,11,0,0
6259,20:08:00,20:09:00,245,12,0,0
6259,20:10:00,20:11:00,331,13,0,0
6259,20:15:00,20:16:00,450,14,0,0
6259,20:21:00,20:21:00,1,15,0,0
6535,19:30:00,19:30:00,1,1,0,0
6535,19:33:00,19:34:00,386,2,0,0
6535,19:38:00,19:39:00,391,3,0,0
6535,19:40:00,19:41:00,248,4,0,0
6535,19:42:00,19:43:00,392,5,0,0
6535,19:44:00,19:45:00,305,6,0,0
6535,19:47:00,19:48:00,213,7,0,0
6535,19:51:00,19:52:00,358,8,0,0
6535,19:53:00,19:54:00,296,9,0,0
6535,19:56:00,19:56:00,229,10,0,0
6535,19:58:00,19:59:00,255,11,0,0
6535,20:00:00,20:01:00,316,12,0,0
6535,20:03:00,20:04:00,252,13,0,0
6535,20:06:00,20:07:00,336,14,0,0
6535,20:08:00,20:09:00,359,15,0,0
6535,20:11:00,20:11:00,322,16,0,0
6535,20:13:00,20:13:00,207,17,0,0
6535,20:15:00,20:15:00,393,18,0,0
6535,20:19:00,20:20:00,394,19,0,0
6535,20:24:00,20:25:00,275,20,0,0
6535,20:28:00,20:32:00,286,21,0,0
6535,20:38:00,20:39:00,395,22,0,0
6535,20:44:00,20:44:00,328,23,0,0
6535,20:48:00,20:49:00,396,24,0,0
6535,20:53:00,20:53:00,397,25,0,0
866,19:30:00,19:30:00,1,1,0,0
866,19:38:00,19:39:00,400,2,0,0
866,19:43:00,19:43:00,238,3,0,0
866,19:46:00,19:47:00,540,4,0,0
866,19:50:00,19:51:00,362,5,0,0
866,20:01:00,20:01:00,374,6,0,0
866,20:09:00,20:09:00,271,7,0,0
866,20:15:00,20:16:00,433,8,0,0
866,20:22:00,20:23:00,307,9,0,0
866,20:27:00,20:27:00,256,10,0,0
866,20:37:00,20:38:00,408,11,0,0
866,20:47:00,20:48:00,301,12,0,0
866,20:56:00,20:57:00,297,13,0,0
866,21:02:00,21:03:00,324,14,0,0
866,21:09:00,21:09:00,206,15,0,0
866,21:17:00,21:18:00,233,16,0,0
866,21:24:00,21:25:00,323,17,0,0
866,21:32:00,21:33:00,309,18,0,0
866,21:46:00,21:46:00,432,19,0,0
6261,19:33:00,19:33:00,203,1,0,0
6261,19:37:00,19:37:00,330,2,0,0
6261,19:41:00,19:42:00,412,3,0,0
6261,19:48:00,19:48:00,364,4,0,0
6261,19:52:00,19:53:00,367,5,0,0
6261,19:57:00,19:58:00,298,6,0,0
6261,20:02:00,20:02:00,283,7,0,0
6261,20:06:00,20:07:00,235,8,0,0
6261,20:10:00,20:11:00,354,9,0,0
6261,20:12:00,20:13:00,339,10,0,0
6261,20:15:00,20:15:00,343,11,0,0
6261,20:19:00,20:20:00,299,12,0,0
6261,20:23:00,20:24:00,384,13,0,0
6261,20:28:00,20:29:00,380,14,0,0
6261,20:30:00,20:31:00,250,15,0,0
6261,20:36:00,20:37:00,421,16,0,0
6261,20:38:00,20:39:00,245,17,0,0
6261,20:40:00,20:41:00,331,18,0,0
6261,20:45:00,20:46:00,450,19,0,0
6261,20:51:00,20:51:00,1,20,0,0
6436,19:34:00,19:34:00,394,1,0,0
6436,19:43:00,19:44:00,252,2,0,0
6436,19:46:00,19:47:00,316,3,0,0
6436,19:49:00,19:49:00,255,4,0,0
6436,19:51:00,19:52:00,229,5,0,0
6436,19:53:00,19:54:00,296,6,0,0
6436,20:00:00,20:00:00,305,7,0,0
6436,20:02:00,20:02:00,392,8,0,0
6436,20:05:00,20:06:00,391,9,0,0
6436,20:10:00,20:10:00,386,10,0,0
6436,20:14:00,20:14:00,1,11,0,0
6745,19:35:00,19:35:00,1,1,0,0
6745,19:39:00,19:39:00,386,2,0,0
6745,19:41:00,19:42:00,500,3,0,0
6745,19:44:00,19:44:00,387,4,0,0
6745,19:47:00,19:47:00,388,5,0,0
6745,19:50:00,19:51:00,520,6,0,0
6745,19:55:00,19:55:00,346,7,0,0
6745,19:59:00,20:01:00,340,8,0,0
6745,20:06:00,20:07:00,239,9,0,0
6745,20:10:00,20:11:00,232,10,0,0
6745,20:13:00,20:14:00,342,11,0,0
6745,20:17:00,20:18:00,237,12,0,0
6745,20:22:00,20:22:00,349,13,0,0
6160,19:38:00,19:38:00,1,1,0,0
6160,19:44:00,19:45:00,400,2,0,0
6160,19:47:00,19:47:00,225,3,0,0
6160,19:49:00,19:50:00,382,4,0,0
6160,19:51:00,19:52:00,501,5,0,0
6160,19:54:00,19:54:00,385,6,0,0
6160,19:57:00,19:58:00,452,7,0,0
6160,20:01:00,20:01:00,449,8,0,0
6160,20:03:00,20:04:00,451,9,0,0
6160,20:06:00,20:07:00,258,10,0,0
6160,20:10:00,20:10:00,276,11,0,0
6160,20:13:00,20:13:00,281,12,0,0
6160,20:16:00,20:17:00,230,13,0,0
6160,20:19:00,20:19:00,282,14,0,0
6160,20:23:00,20:24:00,306,15,0,0
6160,20:29:00,20:30:00,310,16,0,0
6160,20:32:00,20:32:00,352,17,0,0
6160,20:36:00,20:37:00,398,18,0,0
6160,20:39:00,20:39:00,287,19,0,0
6160,20:41:00,20:42:00,453,20,0,0
6160,20:45:00,20:45:00,399,21,0,0
6258,19:39:00,19:39:00,1,1,0,0
6258,19:44:00,19:44:00,450,2,0,0
6258,19:48:00,19:49:00,331,3,0,0
6258,19:50:00,19:51:00,245,4,0,0
6258,19:52:00,19:53:00,421,5,0,0
6258,19:54:00,19:55:00,274,6,0,0
6258,19:56:00,19:57:00,377,7,0,0
6258,19:58:00,19:59:00,241,8,0,0
6258,20:02:00,20:02:00,250,9,0,0
6258,20:04:00,20:05:00,380,10,0,0
6258,20:09:00,20:09:00,384,11,0,0
6258,20:13:00,20:13:00,299,12,0,0
6258,20:17:00,20:18:00,343,13,0,0
6258,20:19:00,20:20:00,339,14,0,0
6258,20:22:00,20:22:00,354,15,0,0
6258,20:25:00,20:26:00,235,16,0,0
6258,20:30:00,20:30:00,283,17,0,0
6258,20:35:00,20:35:00,298,18,0,0
6748,19:39:00,19:39:00,349,1,0,0
6748,19:42:00,19:43:00,237,2,0,0
6748,19:47:00,19:47:00,342,3,0,0
6748,19:50:00,19:50:00,232,4,0,0
6748,19:54:00,19:55:00,239,5,0,0
6748,19:59:00,20:01:00,340,6,0,0
6748,20:04:00,20:05:00,346,7,0,0
6748,20:09:00,20:09:00,520,8,0,0
6748,20:12:00,20:13:00,388,9,0,0
6748,20:15:00,20:16:00,387,10,0,0
6748,20:17:00,20:18:00,500,11,0,0
6748,20:20:00,20:21:00,386,12,0,0
6748,20:25:00,20:25:00,1,13,0,0
6161,19:57:00,19:57:00,398,1,0,0
6161,20:00:00,20:00:00,352,2,0,0
6161,20:07:00,20:07:00,306,3,0,0
6161,20:11:00,20:12:00,282,4,0,0
6161,20:14:00,20:15:00,230,5,0,0
6161,20:17:00,20:18:00,281,6,0,0
6161,20:20:00,20:21:00,276,7,0,0
6161,20:24:00,20:24:00,258,8,0,0
6161,20:27:00,20:27:00,451,9,0,0
6161,20:29:00,20:30:00,449,10,0,0
6161,20:32:00,20:33:00,452,11,0,0
6161,20:36:00,20:37:00,385,12,0,0
6161,20:39:00,20:39:00,501,13,0,0
6161,20:41:00,20:41:00,382,14,0,0
6161,20:43:00,20:44:00,225,15,0,0
6161,20:46:00,20:47:00,400,16,0,0
6161,20:53:00,20:53:00,1,17,0,0
6439,20:00:00,20:00:00,1,1,0,0
6439,20:03:00,20:04:00,386,2,0,0
6439,20:08:00,20:09:00,391,3,0,0
6439,20:10:00,20:11:00,248,4,0,0
6439,20:12:00,20:13:00,392,5,0,0
6439,20:14:00,20:15:00,305,6,0,0
6439,20:18:00,20:18:00,213,7,0,0
6439,20:22:00,20:22:00,358,8,0,0
6439,20:24:00,20:25:00,296,9,0,0
6439,20:26:00,20:27:00,229,10,0,0
6439,20:29:00,20:30:00,255,11,0,0
6439,20:31:00,20:32:00,316,12,0,0
6439,20:34:00,20:35:00,252,13,0,0
6439,20:37:00,20:38:00,336,14,0,0
6439,20:39:00,20:40:00,359,15,0,0
6439,20:42:00,20:42:00,322,16,0,0
6439,20:44:00,20:44:00,207,17,0,0
6439,20:46:00,20:46:00,393,18,0,0
6439,20:50:00,20:50:00,394,19,0,0
6162,20:08:00,20:08:00,1,1,0,0
6162,20:14:00,20:15:00,400,2,0,0
6162,20:17:00,20:17:00,225,3,0,0
6162,20:19:00,20:20:00,382,4,0,0
6162,20:21:00,20:22:00,501,5,0,0
6162,20:24:00,20:24:00,385,6,0,0
6162,20:27:00,20:28:00,452,7,0,0
6162,20:31:00,20:31:00,449,8,0,0
6162,20:33:00,20:34:00,451,9,0,0
6162,20:36:00,20:37:00,258,10,0,0
6162,20:40:00,20:40:00,276,11,0,0
6162,20:43:00,20:43:00,281,12,0,0
6162,20:46:00,20:47:00,230,13,0,0
6162,20:49:00,20:49:00,282,14,0,0
6162,20:53:00,20:54:00,306,15,0,0
6162,21:00:00,21:01:00,352,16,0,0
6162,21:04:00,21:04:00,398,17,0,0
843,20:08:00,20:08:00,408,1,0,0
843,20:17:00,20:17:00,256,2,0,0
843,20:21:00,20:22:00,307,3,0,0
843,20:28:00,20:28:00,433,4,0,0
843,20:34:00,20:34:00,271,5,0,0
843,20:41:00,20:41:00,374,6,0,0
843,20:51:00,20:51:00,362,7,0,0
843,20:54:00,20:55:00,540,8,0,0
843,20:58:00,20:58:00,238,9,0,0
843,21:04:00,21:05:00,400,10,0,0
843,21:15:00,21:15:00,1,11,0,0
6260,20:09:00,20:09:00,1,1,0,0
6260,20:14:00,20:14:00,450,2,0,0
6260,20:18:00,20:19:00,331,3,0,0
6260,20:20:00,20:21:00,245,4,0,0
6260,20:22:00,20:23:00,421,5,0,0
6260,20:28:00,20:29:00,250,6,0,0
6260,20:30:00,20:31:00,380,7,0,0
6260,20:35:00,20:36:00,384,8,0,0
6260,20:39:00,20:40:00,299,9,0,0
6260,20:44:00,20:44:00,343,10,0,0
6260,20:46:00,20:47:00,339,11,0,0
6260,20:48:00,20:49:00,354,12,0,0
6260,20:52:00,20:52:00,235,13,0,0
6260,20:56:00,20:57:00,283,14,0,0
6260,21:01:00,21:02:00,298,15,0,0
6260,21:06:00,21:06:00,367,16,0,0
6260,21:10:00,21:11:00,364,17,0,0
6260,21:17:00,21:17:00,412,18,0,0
6260,21:22:00,21:22:00,330,19,0,0
6260,21:27:00,21:27:00,203,20,0,0
6538,20:09:00,20:09:00,397,1,0,0
6538,20:13:00,20:14:00,396,2,0,0
6538,20:17:00,20:18:00,328,3,0,0
6538,20:23:00,20:23:00,395,4,0,0
6538,20:30:00,20:30:00,286,5,0,0
6538,20:33:00,20:34:00,275,6,0,0
6538,20:38:00,20:39:00,394,7,0,0
6538,20:43:00,20:43:00,393,8,0,0
6538,20:45:00,20:45:00,207,9,0,0
6538,20:47:00,20:47:00,322,10,0,0
6538,20:49:00,20:49:00,359,11,0,0
6538,20:51:00,20:51:00,336,12,0,0
6538,20:53:00,20:54:00,252,13,0,0
6538,20:56:00,20:57:00,316,14,0,0
6538,20:59:00,20:59:00,255,15,0,0
6538,21:01:00,21:02:00,229,16,0,0
6538,21:04:00,21:04:00,296,17,0,0
6538,21:06:00,21:07:00,358,18,0,0
6538,21:10:00,21:11:00,213,19,0,0
6538,21:13:00,21:14:00,305,20,0,0
6538,21:16:00,21:16:00,392,21,0,0
6538,21:18:00,21:18:00,248,22,0,0
6538,21:20:00,21:21:00,391,23,0,0
6538,21:25:00,21:25:00,386,24,0,0
6538,21:29:00,21:29:00,1,25,0,0
6350,20:09:00,20:09:00,252,1,0,0
6350,20:11:00,20:12:00,316,2,0,0
6350,20:13:00,20:14:00,255,3,0,0
6350,20:16:00,20:16:00,229,4,0,0
6350,20:18:00,20:18:00,296,5,0,0
6350,20:20:00,20:21:00,358,6,0,0
6350,20:24:00,20:25:00,213,7,0,0
6350,20:27:00,20:28:00,305,8,0,0
6350,20:30:00,20:30:00,392,9,0,0
6350,20:33:00,20:34:00,391,10,0,0
6350,20:38:00,20:40:00,386,11,0,0
6350,20:44:00,20:44:00,1,12,0,0
6438,20:09:00,20:09:00,394,1,0,0
6438,20:13:00,20:13:00,393,2,0,0
6438,20:15:00,20:15:00,207,3,0,0
6438,20:17:00,20:17:00,322,4,0,0
6438,20:19:00,20:19:00,359,5,0,0
6438,20:21:00,20:21:00,336,6,0,0
6438,20:23:00,20:24:00,252,7,0,0
6438,20:26:00,20:27:00,316,8,0,0
6438,20:29:00,20:29:00,255,9,0,0
6438,20:31:00,20:32:00,229,10,0,0
6438,20:34:00,20:34:00,296,11,0,0
6438,20:36:00,20:37:00,358,12,0,0
6438,20:40:00,20:41:00,213,13,0,0
6438,20:43:00,20:44:00,305,14,0,0
6438,20:46:00,20:46:00,392,15,0,0
6438,20:48:00,20:48:00,248,16,0,0
6438,20:50:00,20:51:00,391,17,0,0
6438,20:55:00,20:55:00,386,18,0,0
6438,20:59:00,20:59:00,1,19,0,0
6163,20:17:00,20:17:00,399,1,0,0
6163,20:20:00,20:20:00,453,2,0,0
6163,20:22:00,20:23:00,287,3,0,0
6163,20:25:00,20:26:00,398,4,0,0
6163,20:29:00,20:29:00,352,5,0,0
6163,20:31:00,20:32:00,310,6,0,0
6163,20:37:00,20:37:00,306,7,0,0
6163,20:41:00,20:42:00,282,8,0,0
6163,20:44:00,20:45:00,230,9,0,0
6163,20:47:00,20:48:00,281,10,0,0
6163,20:50:00,20:51:00,276,11,0,0
6163,20:54:00,20:54:00,258,12,0,0
6163,20:57:00,20:57:00,451,13,0,0
6163,20:59:00,21:00:00,449,14,0,0
6163,21:02:00,21:03:00,452,15,0,0
6163,21:06:00,21:07:00,385,16,0,0
6163,21:09:00,21:09:00,501,17,0,0
6163,21:11:00,21:11:00,382,18,0,0
6163,21:13:00,21:14:00,225,19,0,0
6163,21:16:00,21:17:00,400,20,0,0
6163,21:23:00,21:23:00,1,21,0,0
6263,20:24:00,20:24:00,298,1,0,0
6263,20:28:00,20:29:00,283,2,0,0
6263,20:33:00,20:33:00,235,3,0,0
6263,20:36:00,20:37:00,354,4,0,0
6263,20:39:00,20:40:00,339,5,0,0
6263,20:41:00,20:42:00,343,6,0,0
6263,20:46:00,20:46:00,299,7,0,0
6263,20:50:00,20:50:00,384,8,0,0
6263,20:54:00,20:55:00,380,9,0,0
6263,20:57:00,20:57:00,250,10,0,0
6263,21:00:00,21:00:00,241,11,0,0
6263,21:02:00,21:02:00,377,12,0,0
6263,21:04:00,21:04:00,274,13,0,0
6263,21:06:00,21:07:00,421,14,0,0
6263,21:08:00,21:09:00,245,15,0,0
6263,21:10:00,21:11:00,331,16,0,0
6263,21:15:00,21:16:00,450,17,0,0
6263,21:21:00,21:21:00,1,18,0,0
846,20:30:00,20:30:00,1,1,0,0
846,20:38:00,20:39:00,400,2,0,0
846,20:43:00,20:44:00,238,3,0,0
846,20:47:00,20:47:00,540,4,0,0
846,20:51:00,20:51:00,362,5,0,0
846,21:01:00,21:02:00,374,6,0,0
846,21:09:00,21:10:00,271,7,0,0
846,21:16:00,21:16:00,433,8,0,0
846,21:23:00,21:23:00,307,9,0,0
846,21:27:00,21:28:00,256,10,0,0
846,21:38:00,21:38:00,408,11,0,0
6537,20:30:00,20:30:00,1,1,0,0
6537,20:33:00,20:34:00,386,2,0,0
6537,20:38:00,20:39:00,391,3,0,0
6537,20:40:00,20:41:00,248,4,0,0
6537,20:42:00,20:43:00,392,5,0,0
6537,20:44:00,20:45:00,305,6,0,0
6537,20:47:00,20:48:00,213,7,0,0
6537,20:51:00,20:52:00,358,8,0,0
6537,20:53:00,20:54:00,296,9,0,0
6537,20:56:00,20:56:00,229,10,0,0
6537,20:58:00,20:59:00,255,11,0,0
6537,21:00:00,21:01:00,316,12,0,0
6537,21:03:00,21:04:00,252,13,0,0
6537,21:06:00,21:07:00,336,14,0,0
6537,21:08:00,21:09:00,359,15,0,0
6537,21:11:00,21:11:00,322,16,0,0
6537,21:13:00,21:13:00,207,17,0,0
6537,21:15:00,21:15:00,393,18,0,0
6537,21:19:00,21:20:00,394,19,0,0
6537,21:24:00,21:25:00,275,20,0,0
6537,21:28:00,21:32:00,286,21,0,0
6537,21:38:00,21:39:00,395,22,0,0
6537,21:44:00,21:44:00,328,23,0,0
6537,21:48:00,21:49:00,396,24,0,0
6537,21:53:00,21:53:00,397,25,0,0
6265,20:33:00,20:33:00,203,1,0,0
6265,20:37:00,20:37:00,330,2,0,0
6265,20:41:00,20:42:00,412,3,0,0
6265,20:48:00,20:48:00,364,4,0,0
6265,20:52:00,20:53:00,367,5,0,0
6265,20:57:00,20:58:00,298,6,0,0
6265,21:02:00,21:02:00,283,7,0,0
6265,21:06:00,21:07:00,235,8,0,0
6265,21:10:00,21:11:00,354,9,0,0
6265,21:12:00,21:13:00,339,10,0,0
6265,21:15:00,21:15:00,343,11,0,0
6265,21:19:00,21:20:00,299,12,0,0
6265,21:23:00,21:24:00,384,13,0,0
6265,21:28:00,21:29:00,380,14,0,0
6265,21:30:00,21:31:00,250,15,0,0
6265,21:36:00,21:37:00,421,16,0,0
6265,21:38:00,21:39:00,245,17,0,0
6265,21:40:00,21:41:00,331,18,0,0
6265,21:45:00,21:46:00,450,19,0,0
6265,21:51:00,21:51:00,1,20,0,0
6747,20:35:00,20:35:00,1,1,0,0
6747,20:39:00,20:39:00,386,2,0,0
6747,20:41:00,20:42:00,500,3,0,0
6747,20:44:00,20:44:00,387,4,0,0
6747,20:47:00,20:47:00,388,5,0,0
6747,20:50:00,20:51:00,520,6,0,0
6747,20:55:00,20:55:00,346,7,0,0
6747,20:59:00,21:01:00,340,8,0,0
6747,21:06:00,21:07:00,239,9,0,0
6747,21:10:00,21:11:00,232,10,0,0
6747,21:13:00,21:14:00,342,11,0,0
6747,21:17:00,21:18:00,237,12,0,0
6747,21:22:00,21:22:00,349,13,0,0
6164,20:38:00,20:38:00,1,1,0,0
6164,20:44:00,20:45:00,400,2,0,0
6164,20:47:00,20:47:00,225,3,0,0
6164,20:49:00,20:50:00,382,4,0,0
6164,20:51:00,20:52:00,501,5,0,0
6164,20:54:00,20:54:00,385,6,0,0
6164,20:57:00,20:58:00,452,7,0,0
6164,21:01:00,21:01:00,449,8,0,0
6164,21:03:00,21:04:00,451,9,0,0
6164,21:06:00,21:07:00,258,10,0,0
6164,21:10:00,21:10:00,276,11,0,0
6164,21:13:00,21:13:00,281,12,0,0
6164,21:16:00,21:17:00,230,13,0,0
6164,21:19:00,21:19:00,282,14,0,0
6164,21:23:00,21:24:00,306,15,0,0
6164,21:29:00,21:30:00,310,16,0,0
6164,21:32:00,21:32:00,352,17,0,0
6164,21:36:00,21:37:00,398,18,0,0
6164,21:39:00,21:39:00,287,19,0,0
6164,21:41:00,21:42:00,453,20,0,0
6164,21:45:00,21:45:00,399,21,0,0
6750,20:39:00,20:39:00,349,1,0,0
6750,20:42:00,20:43:00,237,2,0,0
6750,20:47:00,20:47:00,342,3,0,0
6750,20:50:00,20:50:00,232,4,0,0
6750,20:54:00,20:55:00,239,5,0,0
6750,20:59:00,21:01:00,340,6,0,0
6750,21:04:00,21:05:00,346,7,0,0
6750,21:09:00,21:09:00,520,8,0,0
6750,21:12:00,21:13:00,388,9,0,0
6750,21:15:00,21:16:00,387,10,0,0
6750,21:17:00,21:18:00,500,11,0,0
6750,21:20:00,21:21:00,386,12,0,0
6750,21:25:00,21:25:00,1,13,0,0
6262,20:39:00,20:39:00,1,1,0,0
6262,20:44:00,20:44:00,450,2,0,0
6262,20:48:00,20:49:00,331,3,0,0
6262,20:50:00,20:51:00,245,4,0,0
6262,20:52:00,20:53:00,421,5,0,0
6262,20:54:00,20:55:00,274,6,0,0
6262,20:56:00,20:57:00,377,7,0,0
6262,20:58:00,20:59:00,241,8,0,0
6262,21:01:00,21:02:00,250,9,0,0
6262,21:03:00,21:04:00,380,10,0,0
6262,21:08:00,21:09:00,384,11,0,0
6262,21:12:00,21:13:00,299,12,0,0
6262,21:17:00,21:18:00,343,13,0,0
6262,21:19:00,21:20:00,339,14,0,0
6262,21:22:00,21:22:00,354,15,0,0
6262,21:25:00,21:26:00,235,16,0,0
6262,21:30:00,21:31:00,283,17,0,0
6262,21:36:00,21:36:00,298,18,0,0
6165,20:57:00,20:57:00,398,1,0,0
6165,21:00:00,21:00:00,352,2,0,0
6165,21:07:00,21:07:00,306,3,0,0
6165,21:11:00,21:12:00,282,4,0,0
6165,21:14:00,21:15:00,230,5,0,0
6165,21:17:00,21:18:00,281,6,0,0
6165,21:20:00,21:21:00,276,7,0,0
6165,21:24:00,21:24:00,258,8,0,0
6165,21:27:00,21:27:00,451,9,0,0
6165,21:29:00,21:30:00,449,10,0,0
6165,21:32:00,21:33:00,452,11,0,0
6165,21:36:00,21:37:00,385,12,0,0
6165,21:39:00,21:39:00,501,13,0,0
6165,21:41:00,21:41:00,382,14,0,0
6165,21:43:00,21:44:00,225,15,0,0
6165,21:46:00,21:47:00,400,16,0,0
6165,21:53:00,21:53:00,1,17,0,0
6441,21:00:00,21:00:00,1,1,0,0
6441,21:03:00,21:04:00,386,2,0,0
6441,21:08:00,21:09:00,391,3,0,0
6441,21:10:00,21:11:00,248,4,0,0
6441,21:12:00,21:13:00,392,5,0,0
6441,21:14:00,21:15:00,305,6,0,0
6441,21:18:00,21:18:00,213,7,0,0
6441,21:22:00,21:22:00,358,8,0,0
6441,21:24:00,21:25:00,296,9,0,0
6441,21:26:00,21:27:00,229,10,0,0
6441,21:29:00,21:30:00,255,11,0,0
6441,21:31:00,21:32:00,316,12,0,0
6441,21:34:00,21:35:00,252,13,0,0
6441,21:37:00,21:38:00,336,14,0,0
6441,21:39:00,21:40:00,359,15,0,0
6441,21:42:00,21:42:00,322,16,0,0
6441,21:44:00,21:44:00,207,17,0,0
6441,21:46:00,21:46:00,393,18,0,0
6441,21:50:00,21:50:00,394,19,0,0
822,21:01:00,21:01:00,1,1,0,0
822,21:10:00,21:11:00,331,2,0,0
822,21:34:00,21:35:00,339,3,0,0
822,21:48:00,21:49:00,298,4,0,0
822,22:04:00,22:05:00,412,5,0,0
822,22:13:00,22:14:00,203,6,0,0
822,22:24:00,22:25:00,267,7,0,0
822,22:41:00,22:42:00,357,8,0,0
822,22:56:00,22:57:00,273,9,0,0
822,23:18:00,23:19:00,308,10,0,0
822,23:29:00,23:29:00,360,11,0,0
822,23:42:00,23:42:00,335,12,0,0
822,23:53:00,23:53:00,430,13,0,0
822,23:58:00,23:59:00,304,14,0,0
822,24:12:00,24:12:00,243,15,0,0
6540,21:09:00,21:09:00,397,1,0,0
6540,21:13:00,21:14:00,396,2,0,0
6540,21:17:00,21:18:00,328,3,0,0
6540,21:23:00,21:23:00,395,4,0,0
6540,21:30:00,21:30:00,286,5,0,0
6540,21:33:00,21:34:00,275,6,0,0
6540,21:38:00,21:39:00,394,7,0,0
6540,21:43:00,21:43:00,393,8,0,0
6540,21:45:00,21:45:00,207,9,0,0
6540,21:47:00,21:47:00,322,10,0,0
6540,21:49:00,21:49:00,359,11,0,0
6540,21:51:00,21:51:00,336,12,0,0
6540,21:53:00,21:54:00,252,13,0,0
6540,21:56:00,21:57:00,316,14,0,0
6540,21:59:00,21:59:00,255,15,0,0
6540,22:01:00,22:02:00,229,16,0,0
6540,22:04:00,22:04:00,296,17,0,0
6540,22:06:00,22:07:00,358,18,0,0
6540,22:10:00,22:11:00,213,19,0,0
6540,22:13:00,22:14:00,305,20,0,0
6540,22:16:00,22:16:00,392,21,0,0
6540,22:18:00,22:18:00,248,22,0,0
6540,22:20:00,22:21:00,391,23,0,0
6540,22:25:00,22:25:00,386,24,0,0
6540,22:29:00,22:29:00,1,25,0,0
6440,21:09:00,21:09:00,394,1,0,0
6440,21:13:00,21:13:00,393,2,0,0
6440,21:15:00,21:15:00,207,3,0,0
6440,21:17:00,21:17:00,322,4,0,0
6440,21:19:00,21:19:00,359,5,0,0
6440,21:21:00,21:21:00,336,6,0,0
6440,21:23:00,21:24:00,252,7,0,0
6440,21:26:00,21:27:00,316,8,0,0
6440,21:29:00,21:29:00,255,9,0,0
6440,21:31:00,21:32:00,229,10,0,0
6440,21:34:00,21:34:00,296,11,0,0
6440,21:36:00,21:37:00,358,12,0,0
6440,21:40:00,21:41:00,213,13,0,0
6440,21:43:00,21:44:00,305,14,0,0
6440,21:46:00,21:46:00,392,15,0,0
6440,21:48:00,21:48:00,248,16,0,0
6440,21:50:00,21:51:00,391,17,0,0
6440,21:55:00,21:55:00,386,18,0,0
6440,21:59:00,21:59:00,1,19,0,0
6264,21:09:00,21:09:00,1,1,0,0
6264,21:14:00,21:14:00,450,2,0,0
6264,21:18:00,21:19:00,331,3,0,0
6264,21:20:00,21:21:00,245,4,0,0
6264,21:22:00,21:23:00,421,5,0,0
6264,21:24:00,21:25:00,274,6,0,0
6264,21:26:00,21:27:00,377,7,0,0
6264,21:28:00,21:29:00,241,8,0,0
6264,21:32:00,21:32:00,250,9,0,0
6264,21:34:00,21:35:00,380,10,0,0
6264,21:39:00,21:39:00,384,11,0,0
6264,21:43:00,21:43:00,299,12,0,0
6264,21:47:00,21:48:00,343,13,0,0
6264,21:49:00,21:50:00,339,14,0,0
6264,21:52:00,21:52:00,354,15,0,0
6264,21:55:00,21:56:00,235,16,0,0
6264,22:00:00,22:00:00,283,17,0,0
6264,22:05:00,22:05:00,298,18,0,0
6167,21:17:00,21:17:00,399,1,0,0
6167,21:20:00,21:20:00,453,2,0,0
6167,21:22:00,21:23:00,287,3,0,0
6167,21:25:00,21:26:00,398,4,0,0
6167,21:29:00,21:29:00,352,5,0,0
6167,21:31:00,21:32:00,310,6,0,0
6167,21:37:00,21:37:00,306,7,0,0
6167,21:41:00,21:42:00,282,8,0,0
6167,21:44:00,21:45:00,230,9,0,0
6167,21:47:00,21:48:00,281,10,0,0
6167,21:50:00,21:51:00,276,11,0,0
6167,21:54:00,21:54:00,258,12,0,0
6167,21:57:00,21:57:00,451,13,0,0
6167,21:59:00,22:00:00,449,14,0,0
6167,22:02:00,22:03:00,452,15,0,0
6167,22:06:00,22:07:00,385,16,0,0
6167,22:09:00,22:09:00,501,17,0,0
6167,22:11:00,22:11:00,382,18,0,0
6167,22:13:00,22:14:00,225,19,0,0
6167,22:16:00,22:17:00,400,20,0,0
6167,22:23:00,22:23:00,1,21,0,0
6267,21:27:00,21:27:00,298,1,0,0
6267,21:31:00,21:32:00,283,2,0,0
6267,21:36:00,21:36:00,235,3,0,0
6267,21:39:00,21:40:00,354,4,0,0
6267,21:42:00,21:43:00,339,5,0,0
6267,21:44:00,21:45:00,343,6,0,0
6267,21:49:00,21:49:00,299,7,0,0
6267,21:53:00,21:53:00,384,8,0,0
6267,21:57:00,21:58:00,380,9,0,0
6267,22:00:00,22:00:00,250,10,0,0
6267,22:06:00,22:07:00,421,11,0,0
6267,22:08:00,22:09:00,245,12,0,0
6267,22:10:00,22:11:00,331,13,0,0
6267,22:15:00,22:16:00,450,14,0,0
6267,22:21:00,22:21:00,1,15,0,0
6539,21:30:00,21:30:00,1,1,0,0
6539,21:33:00,21:34:00,386,2,0,0
6539,21:38:00,21:39:00,391,3,0,0
6539,21:40:00,21:41:00,248,4,0,0
6539,21:42:00,21:43:00,392,5,0,0
6539,21:44:00,21:45:00,305,6,0,0
6539,21:47:00,21:48:00,213,7,0,0
6539,21:51:00,21:52:00,358,8,0,0
6539,21:53:00,21:54:00,296,9,0,0
6539,21:56:00,21:56:00,229,10,0,0
6539,21:58:00,21:59:00,255,11,0,0
6539,22:00:00,22:01:00,316,12,0,0
6539,22:03:00,22:04:00,252,13,0,0
6539,22:06:00,22:07:00,336,14,0,0
6539,22:08:00,22:09:00,359,15,0,0
6539,22:11:00,22:11:00,322,16,0,0
6539,22:13:00,22:13:00,207,17,0,0
6539,22:15:00,22:15:00,393,18,0,0
6539,22:19:00,22:20:00,394,19,0,0
6539,22:24:00,22:25:00,275,20,0,0
6539,22:28:00,22:32:00,286,21,0,0
6539,22:38:00,22:39:00,395,22,0,0
6539,22:44:00,22:44:00,328,23,0,0
6539,22:48:00,22:49:00,396,24,0,0
6539,22:53:00,22:53:00,397,25,0,0
848,21:30:00,21:30:00,1,1,0,0
848,21:38:00,21:39:00,400,2,0,0
848,21:43:00,21:44:00,238,3,0,0
848,21:47:00,21:47:00,540,4,0,0
848,21:51:00,21:51:00,362,5,0,0
848,22:01:00,22:02:00,374,6,0,0
848,22:09:00,22:10:00,271,7,0,0
848,22:16:00,22:16:00,433,8,0,0
848,22:23:00,22:23:00,307,9,0,0
848,22:27:00,22:28:00,256,10,0,0
848,22:37:00,22:38:00,408,11,0,0
848,22:48:00,22:48:00,301,12,0,0
848,23:10:00,23:10:00,233,13,0,0
6749,21:35:00,21:35:00,1,1,0,0
6749,21:39:00,21:39:00,386,2,0,0
6749,21:41:00,21:42:00,500,3,0,0
6749,21:44:00,21:44:00,387,4,0,0
6749,21:47:00,21:47:00,388,5,0,0
6749,21:50:00,21:51:00,520,6,0,0
6749,21:55:00,21:55:00,346,7,0,0
6749,21:59:00,22:01:00,340,8,0,0
6749,22:06:00,22:07:00,239,9,0,0
6749,22:10:00,22:11:00,232,10,0,0
6749,22:13:00,22:14:00,342,11,0,0
6749,22:17:00,22:18:00,237,12,0,0
6749,22:22:00,22:22:00,349,13,0,0
6166,21:38:00,21:38:00,1,1,0,0
6166,21:44:00,21:45:00,400,2,0,0
6166,21:47:00,21:47:00,225,3,0,0
6166,21:49:00,21:50:00,382,4,0,0
6166,21:51:00,21:52:00,501,5,0,0
6166,21:54:00,21:54:00,385,6,0,0
6166,21:57:00,21:58:00,452,7,0,0
6166,22:01:00,22:01:00,449,8,0,0
6166,22:03:00,22:04:00,451,9,0,0
6166,22:06:00,22:07:00,258,10,0,0
6166,22:10:00,22:10:00,276,11,0,0
6166,22:13:00,22:13:00,281,12,0,0
6166,22:16:00,22:17:00,230,13,0,0
6166,22:19:00,22:19:00,282,14,0,0
6166,22:23:00,22:24:00,306,15,0,0
6166,22:29:00,22:30:00,310,16,0,0
6166,22:32:00,22:32:00,352,17,0,0
6166,22:36:00,22:37:00,398,18,0,0
6166,22:39:00,22:39:00,287,19,0,0
6166,22:41:00,22:42:00,453,20,0,0
6166,22:45:00,22:45:00,399,21,0,0
6752,21:39:00,21:39:00,349,1,0,0
6752,21:42:00,21:43:00,237,2,0,0
6752,21:47:00,21:47:00,342,3,0,0
6752,21:50:00,21:50:00,232,4,0,0
6752,21:54:00,21:55:00,239,5,0,0
6752,21:59:00,22:01:00,340,6,0,0
6752,22:04:00,22:05:00,346,7,0,0
6752,22:09:00,22:09:00,520,8,0,0
6752,22:12:00,22:13:00,388,9,0,0
6752,22:15:00,22:16:00,387,10,0,0
6752,22:17:00,22:18:00,500,11,0,0
6752,22:20:00,22:21:00,386,12,0,0
6752,22:25:00,22:25:00,1,13,0,0
6266,21:39:00,21:39:00,1,1,0,0
6266,21:44:00,21:44:00,450,2,0,0
6266,21:48:00,21:49:00,331,3,0,0
6266,21:50:00,21:51:00,245,4,0,0
6266,21:52:00,21:53:00,421,5,0,0
6266,21:58:00,21:59:00,250,6,0,0
6266,22:00:00,22:01:00,380,7,0,0
6266,22:05:00,22:06:00,384,8,0,0
6266,22:09:00,22:10:00,299,9,0,0
6266,22:14:00,22:14:00,343,10,0,0
6266,22:16:00,22:17:00,339,11,0,0
6266,22:18:00,22:19:00,354,12,0,0
6266,22:22:00,22:22:00,235,13,0,0
6266,22:26:00,22:27:00,283,14,0,0
6266,22:31:00,22:32:00,298,15,0,0
6266,22:36:00,22:36:00,367,16,0,0
6266,22:40:00,22:41:00,364,17,0,0
6266,22:47:00,22:47:00,412,18,0,0
6266,22:52:00,22:52:00,330,19,0,0
6266,22:57:00,22:57:00,203,20,0,0
845,21:59:00,21:59:00,408,1,0,0
845,22:08:00,22:08:00,256,2,0,0
845,22:12:00,22:13:00,307,3,0,0
845,22:19:00,22:19:00,433,4,0,0
845,22:25:00,22:25:00,271,5,0,0
845,22:32:00,22:32:00,374,6,0,0
845,22:42:00,22:42:00,362,7,0,0
845,22:45:00,22:46:00,540,8,0,0
845,22:49:00,22:49:00,238,9,0,0
845,22:55:00,22:56:00,400,10,0,0
845,23:06:00,23:06:00,1,11,0,0
6541,22:00:00,22:00:00,1,1,0,0
6541,22:03:00,22:04:00,386,2,0,0
6541,22:08:00,22:09:00,391,3,0,0
6541,22:10:00,22:11:00,248,4,0,0
6541,22:12:00,22:13:00,392,5,0,0
6541,22:14:00,22:15:00,305,6,0,0
6541,22:18:00,22:18:00,213,7,0,0
6541,22:22:00,22:22:00,358,8,0,0
6541,22:24:00,22:25:00,296,9,0,0
6541,22:26:00,22:27:00,229,10,0,0
6541,22:29:00,22:30:00,255,11,0,0
6541,22:31:00,22:32:00,316,12,0,0
6541,22:34:00,22:35:00,252,13,0,0
6541,22:37:00,22:38:00,336,14,0,0
6541,22:39:00,22:40:00,359,15,0,0
6541,22:42:00,22:42:00,322,16,0,0
6541,22:44:00,22:44:00,207,17,0,0
6541,22:46:00,22:46:00,393,18,0,0
6541,22:50:00,22:51:00,394,19,0,0
6541,22:58:00,22:58:00,286,20,0,0
6269,22:05:00,22:05:00,203,1,0,0
6269,22:12:00,22:12:00,412,2,0,0
6269,22:18:00,22:19:00,364,3,0,0
6269,22:23:00,22:23:00,367,4,0,0
6269,22:27:00,22:28:00,298,5,0,0
6269,22:32:00,22:33:00,283,6,0,0
6269,22:37:00,22:37:00,235,7,0,0
6269,22:40:00,22:41:00,354,8,0,0
6269,22:43:00,22:44:00,339,9,0,0
6269,22:45:00,22:46:00,343,10,0,0
6269,22:50:00,22:50:00,299,11,0,0
6269,22:54:00,22:54:00,384,12,0,0
6269,22:58:00,22:59:00,380,13,0,0
6269,23:01:00,23:01:00,250,14,0,0
6269,23:06:00,23:07:00,421,15,0,0
6269,23:08:00,23:09:00,245,16,0,0
6269,23:10:00,23:11:00,331,17,0,0
6269,23:15:00,23:16:00,450,18,0,0
6269,23:21:00,23:21:00,1,19,0,0
6442,22:09:00,22:09:00,394,1,0,0
6442,22:13:00,22:13:00,393,2,0,0
6442,22:15:00,22:15:00,207,3,0,0
6442,22:17:00,22:17:00,322,4,0,0
6442,22:19:00,22:19:00,359,5,0,0
6442,22:21:00,22:21:00,336,6,0,0
6442,22:23:00,22:24:00,252,7,0,0
6442,22:26:00,22:27:00,316,8,0,0
6442,22:29:00,22:29:00,255,9,0,0
6442,22:31:00,22:32:00,229,10,0,0
6442,22:34:00,22:34:00,296,11,0,0
6442,22:36:00,22:37:00,358,12,0,0
6442,22:40:00,22:41:00,213,13,0,0
6442,22:43:00,22:44:00,305,14,0,0
6442,22:46:00,22:46:00,392,15,0,0
6442,22:48:00,22:48:00,248,16,0,0
6442,22:50:00,22:51:00,391,17,0,0
6442,22:55:00,22:55:00,386,18,0,0
6442,22:59:00,22:59:00,1,19,0,0
6542,22:09:00,22:09:00,397,1,0,0
6542,22:13:00,22:14:00,396,2,0,0
6542,22:17:00,22:18:00,328,3,0,0
6542,22:23:00,22:23:00,395,4,0,0
6542,22:30:00,22:30:00,286,5,0,0
6542,22:33:00,22:34:00,275,6,0,0
6542,22:38:00,22:39:00,394,7,0,0
6542,22:43:00,22:43:00,393,8,0,0
6542,22:45:00,22:45:00,207,9,0,0
6542,22:47:00,22:47:00,322,10,0,0
6542,22:49:00,22:49:00,359,11,0,0
6542,22:51:00,22:51:00,336,12,0,0
6542,22:53:00,22:54:00,252,13,0,0
6542,22:56:00,22:57:00,316,14,0,0
6542,22:59:00,22:59:00,255,15,0,0
6542,23:01:00,23:02:00,229,16,0,0
6542,23:04:00,23:04:00,296,17,0,0
6542,23:06:00,23:07:00,358,18,0,0
6542,23:10:00,23:11:00,213,19,0,0
6542,23:13:00,23:14:00,305,20,0,0
6542,23:16:00,23:16:00,392,21,0,0
6542,23:18:00,23:18:00,248,22,0,0
6542,23:20:00,23:21:00,391,23,0,0
6542,23:25:00,23:25:00,386,24,0,0
6542,23:29:00,23:29:00,1,25,0,0
6169,22:17:00,22:17:00,399,1,0,0
6169,22:20:00,22:20:00,453,2,0,0
6169,22:22:00,22:23:00,287,3,0,0
6169,22:25:00,22:26:00,398,4,0,0
6169,22:29:00,22:29:00,352,5,0,0
6169,22:31:00,22:32:00,310,6,0,0
6169,22:37:00,22:37:00,306,7,0,0
6169,22:41:00,22:42:00,282,8,0,0
6169,22:44:00,22:45:00,230,9,0,0
6169,22:47:00,22:48:00,281,10,0,0
6169,22:50:00,22:51:00,276,11,0,0
6169,22:54:00,22:54:00,258,12,0,0
6169,22:57:00,22:57:00,451,13,0,0
6169,22:59:00,23:00:00,449,14,0,0
6169,23:02:00,23:03:00,452,15,0,0
6169,23:06:00,23:07:00,385,16,0,0
6169,23:09:00,23:09:00,501,17,0,0
6169,23:11:00,23:11:00,382,18,0,0
6169,23:13:00,23:14:00,225,19,0,0
6169,23:16:00,23:17:00,400,20,0,0
6169,23:23:00,23:23:00,1,21,0,0
6543,22:30:00,22:30:00,1,1,0,0
6543,22:33:00,22:34:00,386,2,0,0
6543,22:38:00,22:39:00,391,3,0,0
6543,22:40:00,22:41:00,248,4,0,0
6543,22:42:00,22:43:00,392,5,0,0
6543,22:44:00,22:45:00,305,6,0,0
6543,22:47:00,22:48:00,213,7,0,0
6543,22:51:00,22:52:00,358,8,0,0
6543,22:53:00,22:54:00,296,9,0,0
6543,22:56:00,22:56:00,229,10,0,0
6543,22:58:00,22:59:00,255,11,0,0
6543,23:00:00,23:01:00,316,12,0,0
6543,23:03:00,23:04:00,252,13,0,0
6543,23:06:00,23:07:00,336,14,0,0
6543,23:08:00,23:09:00,359,15,0,0
6543,23:11:00,23:11:00,322,16,0,0
6543,23:13:00,23:13:00,207,17,0,0
6543,23:15:00,23:15:00,393,18,0,0
6543,23:19:00,23:20:00,394,19,0,0
6543,23:24:00,23:25:00,275,20,0,0
6543,23:28:00,23:29:00,286,21,0,0
6543,23:35:00,23:36:00,395,22,0,0
6543,23:41:00,23:41:00,328,23,0,0
6543,23:45:00,23:46:00,396,24,0,0
6543,23:50:00,23:50:00,397,25,0,0
850,22:30:00,22:30:00,1,1,0,0
850,22:38:00,22:39:00,400,2,0,0
850,22:43:00,22:44:00,238,3,0,0
850,22:47:00,22:47:00,540,4,0,0
850,22:51:00,22:51:00,362,5,0,0
850,23:01:00,23:02:00,374,6,0,0
850,23:09:00,23:10:00,271,7,0,0
850,23:16:00,23:16:00,433,8,0,0
850,23:23:00,23:23:00,307,9,0,0
850,23:27:00,23:28:00,256,10,0,0
850,23:38:00,23:38:00,408,11,0,0
6751,22:35:00,22:35:00,1,1,0,0
6751,22:39:00,22:39:00,386,2,0,0
6751,22:41:00,22:42:00,500,3,0,0
6751,22:44:00,22:44:00,387,4,0,0
6751,22:47:00,22:47:00,388,5,0,0
6751,22:50:00,22:51:00,520,6,0,0
6751,22:55:00,22:55:00,346,7,0,0
6751,22:59:00,23:01:00,340,8,0,0
6751,23:06:00,23:07:00,239,9,0,0
6751,23:10:00,23:11:00,232,10,0,0
6751,23:13:00,23:14:00,342,11,0,0
6751,23:17:00,23:18:00,237,12,0,0
6751,23:22:00,23:22:00,349,13,0,0
6168,22:38:00,22:38:00,1,1,0,0
6168,22:44:00,22:45:00,400,2,0,0
6168,22:47:00,22:47:00,225,3,0,0
6168,22:49:00,22:50:00,382,4,0,0
6168,22:51:00,22:52:00,501,5,0,0
6168,22:54:00,22:54:00,385,6,0,0
6168,22:57:00,22:58:00,452,7,0,0
6168,23:01:00,23:01:00,449,8,0,0
6168,23:03:00,23:04:00,451,9,0,0
6168,23:06:00,23:07:00,258,10,0,0
6168,23:10:00,23:10:00,276,11,0,0
6168,23:13:00,23:13:00,281,12,0,0
6168,23:16:00,23:17:00,230,13,0,0
6168,23:19:00,23:19:00,282,14,0,0
6168,23:23:00,23:24:00,306,15,0,0
6168,23:29:00,23:30:00,310,16,0,0
6168,23:32:00,23:32:00,352,17,0,0
6168,23:36:00,23:37:00,398,18,0,0
6168,23:39:00,23:39:00,287,19,0,0
6168,23:41:00,23:42:00,453,20,0,0
6168,23:45:00,23:45:00,399,21,0,0
6268,22:39:00,22:39:00,1,1,0,0
6268,22:44:00,22:44:00,450,2,0,0
6268,22:48:00,22:49:00,331,3,0,0
6268,22:50:00,22:51:00,245,4,0,0
6268,22:52:00,22:53:00,421,5,0,0
6268,22:58:00,22:59:00,250,6,0,0
6268,23:00:00,23:01:00,380,7,0,0
6268,23:05:00,23:06:00,384,8,0,0
6268,23:09:00,23:10:00,299,9,0,0
6268,23:14:00,23:14:00,343,10,0,0
6268,23:16:00,23:17:00,339,11,0,0
6268,23:18:00,23:19:00,354,12,0,0
6268,23:22:00,23:22:00,235,13,0,0
6268,23:26:00,23:27:00,283,14,0,0
6268,23:31:00,23:32:00,298,15,0,0
6268,23:36:00,23:36:00,367,16,0,0
6268,23:40:00,23:41:00,364,17,0,0
6268,23:47:00,23:47:00,412,18,0,0
6268,23:56:00,23:56:00,203,19,0,0
6754,22:39:00,22:39:00,349,1,0,0
6754,22:42:00,22:43:00,237,2,0,0
6754,22:47:00,22:47:00,342,3,0,0
6754,22:50:00,22:50:00,232,4,0,0
6754,22:54:00,22:55:00,239,5,0,0
6754,22:59:00,23:01:00,340,6,0,0
6754,23:04:00,23:05:00,346,7,0,0
6754,23:09:00,23:09:00,520,8,0,0
6754,23:12:00,23:13:00,388,9,0,0
6754,23:15:00,23:16:00,387,10,0,0
6754,23:17:00,23:18:00,500,11,0,0
6754,23:20:00,23:21:00,386,12,0,0
6754,23:25:00,23:25:00,1,13,0,0
6545,23:00:00,23:00:00,1,1,0,0
6545,23:03:00,23:04:00,386,2,0,0
6545,23:08:00,23:09:00,391,3,0,0
6545,23:10:00,23:11:00,248,4,0,0
6545,23:12:00,23:13:00,392,5,0,0
6545,23:14:00,23:15:00,305,6,0,0
6545,23:18:00,23:18:00,213,7,0,0
6545,23:22:00,23:22:00,358,8,0,0
6545,23:24:00,23:25:00,296,9,0,0
6545,23:26:00,23:27:00,229,10,0,0
6545,23:29:00,23:30:00,255,11,0,0
6545,23:31:00,23:32:00,316,12,0,0
6545,23:34:00,23:35:00,252,13,0,0
6545,23:37:00,23:38:00,336,14,0,0
6545,23:39:00,23:40:00,359,15,0,0
6545,23:42:00,23:42:00,322,16,0,0
6545,23:44:00,23:44:00,207,17,0,0
6545,23:46:00,23:46:00,393,18,0,0
6545,23:50:00,23:51:00,394,19,0,0
6545,23:58:00,23:59:00,286,20,0,0
6545,24:05:00,24:06:00,395,21,0,0
6545,24:11:00,24:11:00,328,22,0,0
6545,24:15:00,24:15:00,396,23,0,0
6753,23:35:00,23:35:00,1,1,0,0
6753,23:39:00,23:39:00,386,2,0,0
6753,23:41:00,23:42:00,500,3,0,0
6753,23:44:00,23:44:00,387,4,0,0
6753,23:47:00,23:47:00,388,5,0,0
6753,23:50:00,23:51:00,520,6,0,0
6753,23:55:00,23:55:00,346,7,0,0
6753,23:59:00,24:00:00,340,8,0,0
6753,24:05:00,24:06:00,239,9,0,0
6753,24:09:00,24:10:00,232,10,0,0
6753,24:12:00,24:13:00,342,11,0,0
6753,24:16:00,24:17:00,237,12,0,0
6753,24:21:00,24:21:00,349,13,0,0
6170,23:38:00,23:38:00,1,1,0,0
6170,23:44:00,23:45:00,400,2,0,0
6170,23:47:00,23:47:00,225,3,0,0
6170,23:49:00,23:50:00,382,4,0,0
6170,23:51:00,23:52:00,501,5,0,0
6170,23:54:00,23:54:00,385,6,0,0
6170,23:57:00,23:58:00,452,7,0,0
6170,24:01:00,24:01:00,449,8,0,0
6170,24:03:00,24:04:00,451,9,0,0
6170,24:06:00,24:07:00,258,10,0,0
6170,24:10:00,24:10:00,276,11,0,0
6170,24:13:00,24:13:00,281,12,0,0
6170,24:16:00,24:17:00,230,13,0,0
6170,24:19:00,24:19:00,282,14,0,0
6170,24:23:00,24:24:00,306,15,0,0
6170,24:29:00,24:30:00,310,16,0,0
6170,24:32:00,24:32:00,352,17,0,0
6170,24:36:00,24:37:00,398,18,0,0
6170,24:39:00,24:39:00,287,19,0,0
6170,24:41:00,24:42:00,453,20,0,0
6170,24:45:00,24:45:00,399,21,0,0
6270,23:39:00,23:39:00,1,1,0,0
6270,23:44:00,23:44:00,450,2,0,0
6270,23:48:00,23:49:00,331,3,0,0
6270,23:50:00,23:51:00,245,4,0,0
6270,23:52:00,23:53:00,421,5,0,0
6270,23:58:00,23:59:00,250,6,0,0
6270,24:00:00,24:01:00,380,7,0,0
6270,24:05:00,24:06:00,384,8,0,0
6270,24:09:00,24:10:00,299,9,0,0
6270,24:14:00,24:14:00,343,10,0,0
6270,24:16:00,24:17:00,339,11,0,0
6270,24:18:00,24:19:00,354,12,0,0
6270,24:22:00,24:22:00,235,13,0,0
6270,24:26:00,24:27:00,283,14,0,0
6270,24:31:00,24:31:00,298,15,0,0
6547,23:45:00,23:45:00,1,1,0,0
6547,23:48:00,23:49:00,386,2,0,0
6547,23:53:00,23:53:00,391,3,0,0
6547,23:55:00,23:55:00,248,4,0,0
6547,23:57:00,23:57:00,392,5,0,0
6547,23:59:00,23:59:00,305,6,0,0
6547,24:02:00,24:02:00,213,7,0,0
6547,24:06:00,24:06:00,358,8,0,0
6547,24:08:00,24:09:00,296,9,0,0
6547,24:10:00,24:11:00,229,10,0,0
6547,24:13:00,24:13:00,255,11,0,0
6547,24:15:00,24:16:00,316,12,0,0
6547,24:18:00,24:19:00,252,13,0,0
6547,24:21:00,24:21:00,336,14,0,0
6547,24:23:00,24:23:00,359,15,0,0
6547,24:25:00,24:26:00,322,16,0,0
6547,24:27:00,24:28:00,207,17,0,0
6547,24:29:00,24:30:00,393,18,0,0
6547,24:33:00,24:34:00,394,19,0,0
6547,24:39:00,24:39:00,275,20,0,0
6547,24:43:00,24:43:00,286,21,0,0
6547,24:50:00,24:50:00,395,22,0,0
6547,24:55:00,24:56:00,328,23,0,0
6547,24:59:00,25:00:00,396,24,0,0
6547,25:04:00,25:04:00,397,25,0,0
819,06:47:00,06:47:00,291,1,0,0
819,07:04:00,07:05:00,338,2,0,0
819,07:23:00,07:24:00,234,3,0,0
819,07:37:00,07:38:00,315,4,0,0
819,07:51:00,07:51:00,319,5,0,0
819,07:58:00,07:59:00,260,6,0,0
819,08:05:00,08:06:00,341,7,0,0
819,08:23:00,08:24:00,357,8,0,0
819,08:39:00,08:40:00,267,9,0,0
819,08:50:00,08:51:00,203,10,0,0
819,09:14:00,09:15:00,298,11,0,0
819,09:27:00,09:28:00,339,12,0,0
819,09:49:00,09:50:00,331,13,0,0
819,09:59:00,09:59:00,1,14,0,0
806,08:31:00,08:31:00,1,1,0,0
806,08:40:00,08:41:00,331,2,0,0
806,09:04:00,09:05:00,339,3,0,0
806,09:18:00,09:19:00,298,4,0,0
806,09:41:00,09:42:00,203,5,0,0
806,09:52:00,09:53:00,267,6,0,0
806,10:09:00,10:10:00,357,7,0,0
806,10:27:00,10:27:00,341,8,0,0
806,10:33:00,10:34:00,260,9,0,0
806,10:41:00,10:41:00,319,10,0,0
806,10:54:00,10:55:00,315,11,0,0
806,11:08:00,11:08:00,234,12,0,0
806,11:26:00,11:27:00,338,13,0,0
806,11:42:00,11:42:00,291,14,0,0
6317,11:15:00,11:15:00,1,1,0,0
6317,11:18:00,11:19:00,386,2,0,0
6317,11:23:00,11:24:00,391,3,0,0
6317,11:26:00,11:27:00,392,4,0,0
6317,11:28:00,11:29:00,305,5,0,0
6317,11:32:00,11:32:00,213,6,0,0
6317,11:36:00,11:36:00,358,7,0,0
6317,11:38:00,11:39:00,296,8,0,0
6317,11:40:00,11:41:00,229,9,0,0
6317,11:43:00,11:43:00,255,10,0,0
6317,11:45:00,11:46:00,316,11,0,0
6317,11:48:00,11:48:00,252,12,0,0
6318,12:09:00,12:09:00,252,1,0,0
6318,12:11:00,12:12:00,316,2,0,0
6318,12:13:00,12:14:00,255,3,0,0
6318,12:16:00,12:16:00,229,4,0,0
6318,12:18:00,12:18:00,296,5,0,0
6318,12:20:00,12:21:00,358,6,0,0
6318,12:24:00,12:25:00,213,7,0,0
6318,12:27:00,12:28:00,305,8,0,0
6318,12:30:00,12:30:00,392,9,0,0
6318,12:33:00,12:34:00,391,10,0,0
6318,12:38:00,12:40:00,386,11,0,0
6318,12:44:00,12:44:00,1,12,0,0
6321,12:15:00,12:15:00,1,1,0,0
6321,12:18:00,12:19:00,386,2,0,0
6321,12:23:00,12:24:00,391,3,0,0
6321,12:26:00,12:27:00,392,4,0,0
6321,12:28:00,12:29:00,305,5,0,0
6321,12:32:00,12:32:00,213,6,0,0
6321,12:36:00,12:36:00,358,7,0,0
6321,12:38:00,12:39:00,296,8,0,0
6321,12:40:00,12:41:00,229,9,0,0
6321,12:43:00,12:43:00,255,10,0,0
6321,12:45:00,12:46:00,316,11,0,0
6321,12:48:00,12:48:00,252,12,0,0
6322,13:09:00,13:09:00,252,1,0,0
6322,13:11:00,13:12:00,316,2,0,0
6322,13:13:00,13:14:00,255,3,0,0
6322,13:16:00,13:16:00,229,4,0,0
6322,13:18:00,13:18:00,296,5,0,0
6322,13:20:00,13:21:00,358,6,0,0
6322,13:24:00,13:25:00,213,7,0,0
6322,13:27:00,13:28:00,305,8,0,0
6322,13:30:00,13:30:00,392,9,0,0
6322,13:33:00,13:34:00,391,10,0,0
6322,13:38:00,13:40:00,386,11,0,0
6322,13:44:00,13:44:00,1,12,0,0
6325,13:20:00,13:20:00,1,1,0,0
6325,13:23:00,13:24:00,386,2,0,0
6325,13:28:00,13:29:00,391,3,0,0
6325,13:31:00,13:32:00,392,4,0,0
6325,13:33:00,13:34:00,305,5,0,0
6325,13:37:00,13:37:00,213,6,0,0
6325,13:41:00,13:41:00,358,7,0,0
6325,13:43:00,13:44:00,296,8,0,0
6325,13:45:00,13:46:00,229,9,0,0
6325,13:48:00,13:48:00,255,10,0,0
6325,13:50:00,13:51:00,316,11,0,0
6325,13:53:00,13:53:00,252,12,0,0
6326,14:09:00,14:09:00,252,1,0,0
6326,14:11:00,14:12:00,316,2,0,0
6326,14:13:00,14:14:00,255,3,0,0
6326,14:16:00,14:16:00,229,4,0,0
6326,14:18:00,14:18:00,296,5,0,0
6326,14:20:00,14:21:00,358,6,0,0
6326,14:24:00,14:25:00,213,7,0,0
6326,14:27:00,14:28:00,305,8,0,0
6326,14:30:00,14:30:00,392,9,0,0
6326,14:33:00,14:34:00,391,10,0,0
6326,14:38:00,14:40:00,386,11,0,0
6326,14:44:00,14:44:00,1,12,0,0
6329,14:15:00,14:15:00,1,1,0,0
6329,14:18:00,14:19:00,386,2,0,0
6329,14:23:00,14:24:00,391,3,0,0
6329,14:26:00,14:27:00,392,4,0,0
6329,14:28:00,14:29:00,305,5,0,0
6329,14:32:00,14:32:00,213,6,0,0
6329,14:36:00,14:36:00,358,7,0,0
6329,14:38:00,14:39:00,296,8,0,0
6329,14:40:00,14:41:00,229,9,0,0
6329,14:43:00,14:43:00,255,10,0,0
6329,14:45:00,14:46:00,316,11,0,0
6329,14:48:00,14:48:00,252,12,0,0
6330,15:09:00,15:09:00,252,1,0,0
6330,15:11:00,15:12:00,316,2,0,0
6330,15:13:00,15:14:00,255,3,0,0
6330,15:16:00,15:16:00,229,4,0,0
6330,15:18:00,15:18:00,296,5,0,0
6330,15:20:00,15:21:00,358,6,0,0
6330,15:24:00,15:25:00,213,7,0,0
6330,15:27:00,15:28:00,305,8,0,0
6330,15:30:00,15:30:00,392,9,0,0
6330,15:33:00,15:34:00,391,10,0,0
6330,15:38:00,15:40:00,386,11,0,0
6330,15:44:00,15:44:00,1,12,0,0
6523,16:30:00,16:30:00,1,1,0,0
6523,16:33:00,16:34:00,386,2,0,0
6523,16:38:00,16:39:00,391,3,0,0
6523,16:40:00,16:41:00,248,4,0,0
6523,16:42:00,16:43:00,392,5,0,0
6523,16:44:00,16:45:00,305,6,0,0
6523,16:47:00,16:48:00,213,7,0,0
6523,16:51:00,16:52:00,358,8,0,0
6523,16:53:00,16:54:00,296,9,0,0
6523,16:56:00,16:56:00,229,10,0,0
6523,16:58:00,16:59:00,255,11,0,0
6523,17:00:00,17:01:00,316,12,0,0
6523,17:03:00,17:04:00,252,13,0,0
6523,17:06:00,17:07:00,336,14,0,0
6523,17:08:00,17:09:00,359,15,0,0
6523,17:11:00,17:11:00,322,16,0,0
6523,17:13:00,17:13:00,207,17,0,0
6523,17:15:00,17:15:00,393,18,0,0
6523,17:19:00,17:24:00,394,19,0,0
6523,17:31:00,17:32:00,286,20,0,0
6523,17:38:00,17:39:00,395,21,0,0
6523,17:44:00,17:44:00,328,22,0,0
6523,17:48:00,17:49:00,396,23,0,0
6523,17:53:00,17:53:00,397,24,0,0
706,16:31:00,16:31:00,1,1,0,0
706,17:01:00,17:02:00,339,2,0,0
706,17:34:00,17:35:00,203,3,0,0
706,17:57:00,17:58:00,357,4,0,0
706,18:12:00,18:13:00,273,5,0,0
706,18:34:00,18:35:00,308,6,0,0
706,19:16:00,19:19:00,243,7,0,0
706,19:49:00,19:49:00,269,8,0,0
6339,16:45:00,16:45:00,1,1,0,0
6339,16:48:00,16:49:00,386,2,0,0
6339,16:53:00,16:53:00,391,3,0,0
6339,16:56:00,16:56:00,392,4,0,0
6339,16:58:00,16:58:00,305,5,0,0
6339,17:04:00,17:05:00,296,6,0,0
6339,17:06:00,17:07:00,229,7,0,0
6339,17:09:00,17:09:00,255,8,0,0
6339,17:11:00,17:12:00,316,9,0,0
6339,17:14:00,17:14:00,252,10,0,0
6527,17:30:00,17:30:00,1,1,0,0
6527,17:33:00,17:34:00,386,2,0,0
6527,17:38:00,17:39:00,391,3,0,0
6527,17:40:00,17:41:00,248,4,0,0
6527,17:42:00,17:43:00,392,5,0,0
6527,17:44:00,17:45:00,305,6,0,0
6527,17:47:00,17:48:00,213,7,0,0
6527,17:51:00,17:52:00,358,8,0,0
6527,17:53:00,17:54:00,296,9,0,0
6527,17:56:00,17:56:00,229,10,0,0
6527,17:58:00,17:59:00,255,11,0,0
6527,18:00:00,18:01:00,316,12,0,0
6527,18:03:00,18:04:00,252,13,0,0
6527,18:06:00,18:07:00,336,14,0,0
6527,18:08:00,18:09:00,359,15,0,0
6527,18:11:00,18:11:00,322,16,0,0
6527,18:13:00,18:13:00,207,17,0,0
6527,18:15:00,18:15:00,393,18,0,0
6527,18:19:00,18:24:00,394,19,0,0
6527,18:28:00,18:29:00,275,20,0,0
6527,18:32:00,18:34:00,286,21,0,0
6527,18:40:00,18:41:00,395,22,0,0
6527,18:46:00,18:46:00,328,23,0,0
6527,18:50:00,18:51:00,396,24,0,0
6527,18:55:00,18:55:00,397,25,0,0
6340,17:42:00,17:42:00,252,1,0,0
6340,17:44:00,17:45:00,316,2,0,0
6340,17:46:00,17:47:00,255,3,0,0
6340,17:49:00,17:50:00,229,4,0,0
6340,17:51:00,17:52:00,296,5,0,0
6340,17:58:00,17:58:00,305,6,0,0
6340,18:00:00,18:00:00,392,7,0,0
6340,18:03:00,18:04:00,391,8,0,0
6340,18:08:00,18:10:00,386,9,0,0
6340,18:14:00,18:14:00,1,10,0,0
6343,17:45:00,17:45:00,1,1,0,0
6343,17:48:00,17:49:00,386,2,0,0
6343,17:53:00,17:53:00,391,3,0,0
6343,17:56:00,17:56:00,392,4,0,0
6343,17:58:00,17:58:00,305,5,0,0
6343,18:04:00,18:05:00,296,6,0,0
6343,18:06:00,18:07:00,229,7,0,0
6343,18:09:00,18:09:00,255,8,0,0
6343,18:11:00,18:12:00,316,9,0,0
6343,18:14:00,18:14:00,252,10,0,0
6531,18:30:00,18:30:00,1,1,0,0
6531,18:33:00,18:34:00,386,2,0,0
6531,18:38:00,18:39:00,391,3,0,0
6531,18:40:00,18:41:00,248,4,0,0
6531,18:42:00,18:43:00,392,5,0,0
6531,18:44:00,18:45:00,305,6,0,0
6531,18:47:00,18:48:00,213,7,0,0
6531,18:51:00,18:52:00,358,8,0,0
6531,18:53:00,18:54:00,296,9,0,0
6531,18:56:00,18:56:00,229,10,0,0
6531,18:58:00,18:59:00,255,11,0,0
6531,19:00:00,19:01:00,316,12,0,0
6531,19:03:00,19:04:00,252,13,0,0
6531,19:06:00,19:07:00,336,14,0,0
6531,19:08:00,19:09:00,359,15,0,0
6531,19:11:00,19:11:00,322,16,0,0
6531,19:13:00,19:13:00,207,17,0,0
6531,19:15:00,19:15:00,393,18,0,0
6531,19:19:00,19:24:00,394,19,0,0
6531,19:31:00,19:32:00,286,20,0,0
6531,19:38:00,19:39:00,395,21,0,0
6531,19:44:00,19:44:00,328,22,0,0
6531,19:48:00,19:49:00,396,23,0,0
6531,19:53:00,19:53:00,397,24,0,0
6344,18:42:00,18:42:00,252,1,0,0
6344,18:44:00,18:45:00,316,2,0,0
6344,18:46:00,18:47:00,255,3,0,0
6344,18:49:00,18:50:00,229,4,0,0
6344,18:51:00,18:52:00,296,5,0,0
6344,18:58:00,18:58:00,305,6,0,0
6344,19:00:00,19:00:00,392,7,0,0
6344,19:03:00,19:04:00,391,8,0,0
6344,19:08:00,19:10:00,386,9,0,0
6344,19:14:00,19:14:00,1,10,0,0
6347,18:45:00,18:45:00,1,1,0,0
6347,18:48:00,18:49:00,386,2,0,0
6347,18:53:00,18:53:00,391,3,0,0
6347,18:56:00,18:56:00,392,4,0,0
6347,18:58:00,18:58:00,305,5,0,0
6347,19:04:00,19:05:00,296,6,0,0
6347,19:06:00,19:07:00,229,7,0,0
6347,19:09:00,19:09:00,255,8,0,0
6347,19:11:00,19:12:00,316,9,0,0
6347,19:14:00,19:14:00,252,10,0,0
807,18:47:00,18:47:00,291,1,0,0
807,19:04:00,19:05:00,338,2,0,0
807,19:23:00,19:24:00,234,3,0,0
807,19:37:00,19:38:00,315,4,0,0
807,19:51:00,19:51:00,319,5,0,0
807,19:58:00,19:59:00,260,6,0,0
807,20:05:00,20:06:00,341,7,0,0
807,20:23:00,20:24:00,357,8,0,0
807,20:39:00,20:40:00,267,9,0,0
807,20:50:00,20:51:00,203,10,0,0
807,21:14:00,21:15:00,298,11,0,0
807,21:27:00,21:28:00,339,12,0,0
807,21:49:00,21:50:00,331,13,0,0
807,21:59:00,21:59:00,1,14,0,0
816,19:01:00,19:01:00,1,1,0,0
816,19:10:00,19:11:00,331,2,0,0
816,19:34:00,19:35:00,339,3,0,0
816,19:48:00,19:49:00,298,4,0,0
816,20:04:00,20:05:00,412,5,0,0
816,20:13:00,20:14:00,203,6,0,0
816,20:24:00,20:25:00,267,7,0,0
816,20:41:00,20:42:00,357,8,0,0
816,20:59:00,20:59:00,341,9,0,0
816,21:05:00,21:06:00,260,10,0,0
816,21:13:00,21:13:00,319,11,0,0
816,21:26:00,21:26:00,315,12,0,0
6348,19:44:00,19:44:00,252,1,0,0
6348,19:46:00,19:47:00,316,2,0,0
6348,19:48:00,19:49:00,255,3,0,0
6348,19:51:00,19:52:00,229,4,0,0
6348,19:53:00,19:54:00,296,5,0,0
6348,20:00:00,20:00:00,305,6,0,0
6348,20:02:00,20:02:00,392,7,0,0
6348,20:05:00,20:06:00,391,8,0,0
6348,20:10:00,20:10:00,386,9,0,0
6348,20:14:00,20:14:00,1,10,0,0
705,05:45:00,05:45:00,269,1,0,0
705,06:15:00,06:19:00,243,2,0,0
705,06:59:00,07:00:00,308,3,0,0
705,07:21:00,07:22:00,273,4,0,0
705,07:36:00,07:37:00,357,5,0,0
705,07:59:00,08:00:00,203,6,0,0
705,08:31:00,08:32:00,339,7,0,0
705,08:59:00,08:59:00,1,8,0,0
817,07:38:00,07:38:00,315,1,0,0
817,07:51:00,07:51:00,319,2,0,0
817,07:58:00,07:59:00,260,3,0,0
817,08:05:00,08:06:00,341,4,0,0
817,08:23:00,08:24:00,357,5,0,0
817,08:39:00,08:40:00,267,6,0,0
817,08:50:00,08:51:00,203,7,0,0
817,09:14:00,09:15:00,298,8,0,0
817,09:27:00,09:28:00,339,9,0,0
817,09:49:00,09:50:00,331,10,0,0
817,09:59:00,09:59:00,1,11,0,0
721,13:55:00,13:55:00,1,1,0,0
721,14:00:00,14:01:00,386,2,0,0
721,14:16:00,14:17:00,340,3,0,0
721,14:35:00,14:37:00,349,4,0,0
721,14:59:00,15:00:00,249,5,0,0
721,15:18:00,15:19:00,222,6,0,0
721,15:45:00,15:47:00,381,7,0,0
721,16:11:00,16:12:00,413,8,0,0
721,17:11:00,17:11:00,300,9,0,0
805,17:17:00,17:17:00,291,1,0,0
805,17:34:00,17:35:00,338,2,0,0
805,17:53:00,17:54:00,234,3,0,0
805,18:07:00,18:08:00,315,4,0,0
805,18:21:00,18:21:00,319,5,0,0
805,18:28:00,18:29:00,260,6,0,0
805,18:35:00,18:36:00,341,7,0,0
805,18:53:00,18:54:00,357,8,0,0
805,19:09:00,19:10:00,267,9,0,0
805,19:20:00,19:21:00,203,10,0,0
805,19:44:00,19:45:00,298,11,0,0
805,19:57:00,19:58:00,339,12,0,0
805,20:19:00,20:20:00,331,13,0,0
805,20:29:00,20:29:00,1,14,0,0
722,17:55:00,17:55:00,300,1,0,0
722,18:54:00,18:55:00,413,2,0,0
722,19:18:00,19:20:00,381,3,0,0
722,20:06:00,20:07:00,249,4,0,0
722,20:31:00,20:33:00,349,5,0,0
722,20:49:00,20:50:00,340,6,0,0
722,21:04:00,21:05:00,386,7,0,0
722,21:10:00,21:10:00,1,8,0,0
868,20:30:00,20:30:00,1,1,0,0
868,20:38:00,20:39:00,400,2,0,0
868,20:43:00,20:44:00,238,3,0,0
868,20:47:00,20:47:00,540,4,0,0
868,20:51:00,20:51:00,362,5,0,0
868,21:01:00,21:02:00,374,6,0,0
868,21:09:00,21:10:00,271,7,0,0
868,21:16:00,21:16:00,433,8,0,0
868,21:23:00,21:23:00,307,9,0,0
868,21:27:00,21:28:00,256,10,0,0
868,21:37:00,21:38:00,408,11,0,0
868,21:48:00,21:48:00,301,12,0,0
868,22:09:00,22:10:00,233,13,0,0
868,22:22:00,22:23:00,309,14,0,0
868,22:36:00,22:36:00,432,15,0,0
832,09:30:00,09:30:00,1,1,0,0
832,09:38:00,09:39:00,400,2,0,0
832,09:43:00,09:44:00,238,3,0,0
832,09:47:00,09:47:00,540,4,0,0
832,09:51:00,09:51:00,362,5,0,0
832,10:01:00,10:02:00,374,6,0,0
832,10:09:00,10:10:00,271,7,0,0
832,10:16:00,10:16:00,433,8,0,0
832,10:23:00,10:23:00,307,9,0,0
832,10:27:00,10:28:00,256,10,0,0
832,10:38:00,10:38:00,408,11,0,0
